GO.ID	Term	Annotated	Significant	Expected	classicFisher	plot_id
GO:0033108	mitochondrial respiratory chain complex ...	107	9	0.19	2.2e-13	GO:0033108 - mitochondrial respiratory chain complex ...
GO:0010257	NADH dehydrogenase complex assembly	72	8	0.13	5.5e-13	GO:0010257 - NADH dehydrogenase complex assembly
GO:0032981	mitochondrial respiratory chain complex ...	72	8	0.13	5.5e-13	GO:0032981 - mitochondrial respiratory chain complex ...
GO:0006119	oxidative phosphorylation	152	9	0.28	5.4e-12	GO:0006119 - oxidative phosphorylation
GO:0045333	cellular respiration	197	9	0.36	5.6e-11	GO:0045333 - cellular respiration
GO:0006120	mitochondrial electron transport, NADH t...	62	6	0.11	1.3e-09	GO:0006120 - mitochondrial electron transport, NADH t...
GO:0043933	protein-containing complex subunit organ...	2302	19	4.17	1.6e-09	GO:0043933 - protein-containing complex subunit organ...
GO:0015980	energy derivation by oxidation of organi...	294	9	0.53	1.9e-09	GO:0015980 - energy derivation by oxidation of organi...
GO:0007005	mitochondrion organization	561	11	1.02	2.5e-09	GO:0007005 - mitochondrion organization
GO:0046034	ATP metabolic process	325	9	0.59	4.7e-09	GO:0046034 - ATP metabolic process
GO:0042775	mitochondrial ATP synthesis coupled elec...	104	6	0.19	3e-08	GO:0042775 - mitochondrial ATP synthesis coupled elec...
GO:0042773	ATP synthesis coupled electron transport	105	6	0.19	3.2e-08	GO:0042773 - ATP synthesis coupled electron transport
GO:0006091	generation of precursor metabolites and ...	557	10	1.01	3.5e-08	GO:0006091 - generation of precursor metabolites and ...
GO:0022900	electron transport chain	197	7	0.36	5.5e-08	GO:0022900 - electron transport chain
GO:0022904	respiratory electron transport chain	124	6	0.22	8.7e-08	GO:0022904 - respiratory electron transport chain
GO:0006414	translational elongation	153	6	0.28	3e-07	GO:0006414 - translational elongation
GO:0034622	cellular protein-containing complex asse...	1189	12	2.16	6.3e-07	GO:0034622 - cellular protein-containing complex asse...
GO:0070125	mitochondrial translational elongation	96	5	0.17	7.9e-07	GO:0070125 - mitochondrial translational elongation
GO:0070126	mitochondrial translational termination	97	5	0.18	8.3e-07	GO:0070126 - mitochondrial translational termination
GO:0006415	translational termination	114	5	0.21	1.9e-06	GO:0006415 - translational termination
GO:0065003	protein-containing complex assembly	2016	14	3.66	4.9e-06	GO:0065003 - protein-containing complex assembly
GO:0032543	mitochondrial translation	148	5	0.27	6.7e-06	GO:0032543 - mitochondrial translation
GO:0140053	mitochondrial gene expression	177	5	0.32	1.6e-05	GO:0140053 - mitochondrial gene expression
GO:0009060	aerobic respiration	90	4	0.16	2.1e-05	GO:0009060 - aerobic respiration
GO:0043624	cellular protein complex disassembly	230	5	0.42	5.6e-05	GO:0043624 - cellular protein complex disassembly
GO:0043603	cellular amide metabolic process	1204	9	2.18	0.00022	GO:0043603 - cellular amide metabolic process
GO:0006412	translation	719	7	1.3	0.00026	GO:0006412 - translation
GO:1902600	proton transmembrane transport	174	4	0.32	0.00027	GO:1902600 - proton transmembrane transport
GO:0043043	peptide biosynthetic process	745	7	1.35	0.00032	GO:0043043 - peptide biosynthetic process
GO:0032984	protein-containing complex disassembly	347	5	0.63	0.00038	GO:0032984 - protein-containing complex disassembly
GO:0009142	nucleoside triphosphate biosynthetic pro...	79	3	0.14	0.00039	GO:0009142 - nucleoside triphosphate biosynthetic pro...
GO:0016043	cellular component organization	6726	22	12.2	0.00066	GO:0016043 - cellular component organization
GO:0033617	mitochondrial cytochrome c oxidase assem...	23	2	0.04	0.00079	GO:0033617 - mitochondrial cytochrome c oxidase assem...
GO:0042776	mitochondrial ATP synthesis coupled prot...	23	2	0.04	0.00079	GO:0042776 - mitochondrial ATP synthesis coupled prot...
GO:0009141	nucleoside triphosphate metabolic proces...	107	3	0.19	0.00095	GO:0009141 - nucleoside triphosphate metabolic proces...
GO:0006518	peptide metabolic process	903	7	1.64	0.00102	GO:0006518 - peptide metabolic process
GO:0043604	amide biosynthetic process	903	7	1.64	0.00102	GO:0043604 - amide biosynthetic process
GO:0071840	cellular component organization or bioge...	6927	22	12.56	0.00105	GO:0071840 - cellular component organization or bioge...
GO:0008535	respiratory chain complex IV assembly	27	2	0.05	0.00109	GO:0008535 - respiratory chain complex IV assembly
GO:0015985	energy coupled proton transport, down el...	27	2	0.05	0.00109	GO:0015985 - energy coupled proton transport, down el...
GO:0015986	ATP synthesis coupled proton transport	27	2	0.05	0.00109	GO:0015986 - ATP synthesis coupled proton transport
GO:0022607	cellular component assembly	3301	14	5.99	0.00113	GO:0022607 - cellular component assembly
GO:0016310	phosphorylation	2187	11	3.97	0.00121	GO:0016310 - phosphorylation
GO:0042407	cristae formation	34	2	0.06	0.00173	GO:0042407 - cristae formation
GO:0001192	maintenance of transcriptional fidelity ...	1	1	0	0.00181	GO:0001192 - maintenance of transcriptional fidelity ...
GO:0001193	maintenance of transcriptional fidelity ...	1	1	0	0.00181	GO:0001193 - maintenance of transcriptional fidelity ...
GO:0017004	cytochrome complex assembly	37	2	0.07	0.00204	GO:0017004 - cytochrome complex assembly
GO:0044085	cellular component biogenesis	3556	14	6.45	0.00238	GO:0044085 - cellular component biogenesis
GO:0007007	inner mitochondrial membrane organizatio...	48	2	0.09	0.00342	GO:0007007 - inner mitochondrial membrane organizatio...
GO:0015680	protein maturation by copper ion transfe...	2	1	0	0.00362	GO:0015680 - protein maturation by copper ion transfe...
