ID	Description	GeneRatio	BgRatio	pvalue	p.adjust	qvalue	geneID	Count
R-HSA-1428517	The citric acid (TCA) cycle and respiratory electron transport	11/29	178/10856	4.52342451647984e-13	3.78562599497417e-11	3.45746027404762e-11	ATP5F1D/NDUFS8/ECSIT/NDUFA2/NDUFB10/NDUFB11/SURF1/SUCLG1/ATP5ME/NDUFA3/NDUFS3	11
R-HSA-163200	Respiratory electron transport, ATP synthesis by chemiosmotic coupling, and heat production by uncoupling proteins.	10/29	127/10856	5.56709705143261e-13	3.78562599497417e-11	3.45746027404762e-11	ATP5F1D/NDUFS8/ECSIT/NDUFA2/NDUFB10/NDUFB11/SURF1/ATP5ME/NDUFA3/NDUFS3	10
R-HSA-6799198	Complex I biogenesis	7/29	57/10856	1.07287042753837e-10	4.86367927150728e-09	4.4420600157729e-09	NDUFS8/ECSIT/NDUFA2/NDUFB10/NDUFB11/NDUFA3/NDUFS3	7
R-HSA-611105	Respiratory electron transport	8/29	103/10856	1.81484006094237e-10	6.17045620720406e-09	5.63555597871578e-09	NDUFS8/ECSIT/NDUFA2/NDUFB10/NDUFB11/SURF1/NDUFA3/NDUFS3	8
R-HSA-5368286	Mitochondrial translation initiation	5/29	87/10856	3.00420856961488e-06	5.83674807810892e-05	5.33077610848957e-05	MRPS34/MRPS26/MRPL55/MRPL54/MRPL40	5
R-HSA-5389840	Mitochondrial translation elongation	5/29	87/10856	3.00420856961488e-06	5.83674807810892e-05	5.33077610848957e-05	MRPS34/MRPS26/MRPL55/MRPL54/MRPL40	5
R-HSA-5419276	Mitochondrial translation termination	5/29	87/10856	3.00420856961488e-06	5.83674807810892e-05	5.33077610848957e-05	MRPS34/MRPS26/MRPL55/MRPL54/MRPL40	5
R-HSA-5368287	Mitochondrial translation	5/29	93/10856	4.17891322075842e-06	7.10415247528932e-05	6.48831263223019e-05	MRPS34/MRPS26/MRPL55/MRPL54/MRPL40	5
R-HSA-72766	Translation	6/29	291/10856	9.94736488217374e-05	0.00150315735997292	0.00137285269718889	MRPS34/MRPS26/MRPL55/EIF3K/MRPL54/MRPL40	6
R-HSA-163210	Formation of ATP by chemiosmotic coupling	2/29	18/10856	0.00102666016885648	0.0139625782964482	0.0127521999921121	ATP5F1D/ATP5ME	2
R-HSA-8949613	Cristae formation	2/29	31/10856	0.00305384115759443	0.0377565815848038	0.0344835652245112	ATP5F1D/ATP5ME	2
R-HSA-3299685	Detoxification of Reactive Oxygen Species	2/29	37/10856	0.00433073847233861	0.0490817026865043	0.0448269420821014	TXN2/CCS	2
