GO.ID	Term	Annotated	Significant	Expected	classicFisher	plot_id
GO:0098798	mitochondrial protein-containing complex	298	14	0.52	3.7e-17	GO:0098798 - mitochondrial protein-containing complex
GO:0005743	mitochondrial inner membrane	526	16	0.92	1.2e-16	GO:0005743 - mitochondrial inner membrane
GO:0019866	organelle inner membrane	595	16	1.04	8.1e-16	GO:0019866 - organelle inner membrane
GO:0031966	mitochondrial membrane	775	16	1.35	4.9e-14	GO:0031966 - mitochondrial membrane
GO:0005740	mitochondrial envelope	818	16	1.43	1.1e-13	GO:0005740 - mitochondrial envelope
GO:0098800	inner mitochondrial membrane protein com...	161	9	0.28	6.8e-12	GO:0098800 - inner mitochondrial membrane protein com...
GO:0005746	mitochondrial respirasome	105	8	0.18	9.3e-12	GO:0005746 - mitochondrial respirasome
GO:0031967	organelle envelope	1311	17	2.29	1.1e-11	GO:0031967 - organelle envelope
GO:0031975	envelope	1311	17	2.29	1.1e-11	GO:0031975 - envelope
GO:0070469	respirasome	118	8	0.21	2.4e-11	GO:0070469 - respirasome
GO:0005739	mitochondrion	1748	18	3.05	9.7e-11	GO:0005739 - mitochondrion
GO:0098803	respiratory chain complex	103	7	0.18	4.7e-10	GO:0098803 - respiratory chain complex
GO:0005747	mitochondrial respiratory chain complex ...	67	6	0.12	1.7e-09	GO:0005747 - mitochondrial respiratory chain complex ...
GO:0030964	NADH dehydrogenase complex	67	6	0.12	1.7e-09	GO:0030964 - NADH dehydrogenase complex
GO:0045271	respiratory chain complex I	67	6	0.12	1.7e-09	GO:0045271 - respiratory chain complex I
GO:1990204	oxidoreductase complex	136	7	0.24	3.3e-09	GO:1990204 - oxidoreductase complex
GO:0005759	mitochondrial matrix	501	10	0.87	9.5e-09	GO:0005759 - mitochondrial matrix
GO:0000313	organellar ribosome	97	5	0.17	7e-07	GO:0000313 - organellar ribosome
GO:0005761	mitochondrial ribosome	97	5	0.17	7e-07	GO:0005761 - mitochondrial ribosome
GO:0044391	ribosomal subunit	215	5	0.38	3.4e-05	GO:0044391 - ribosomal subunit
GO:0043227	membrane-bounded organelle	13649	34	23.83	6.5e-05	GO:0043227 - membrane-bounded organelle
GO:0043231	intracellular membrane-bounded organelle	12041	32	21.03	7e-05	GO:0043231 - intracellular membrane-bounded organelle
GO:0031090	organelle membrane	3925	17	6.85	0.00011	GO:0031090 - organelle membrane
GO:0005840	ribosome	279	5	0.49	0.00012	GO:0005840 - ribosome
GO:0032991	protein-containing complex	5755	21	10.05	0.00013	GO:0032991 - protein-containing complex
GO:0000315	organellar large ribosomal subunit	58	3	0.1	0.00014	GO:0000315 - organellar large ribosomal subunit
GO:0005762	mitochondrial large ribosomal subunit	58	3	0.1	0.00014	GO:0005762 - mitochondrial large ribosomal subunit
GO:1990904	ribonucleoprotein complex	774	7	1.35	0.00033	GO:1990904 - ribonucleoprotein complex
GO:0098796	membrane protein complex	1400	9	2.44	0.00053	GO:0098796 - membrane protein complex
GO:0005753	mitochondrial proton-transporting ATP sy...	22	2	0.04	0.00067	GO:0005753 - mitochondrial proton-transporting ATP sy...
GO:0045259	proton-transporting ATP synthase complex	23	2	0.04	0.00073	GO:0045259 - proton-transporting ATP synthase complex
GO:0070013	intracellular organelle lumen	5482	19	9.57	0.00074	GO:0070013 - intracellular organelle lumen
GO:0043226	organelle	14883	34	25.99	0.00086	GO:0043226 - organelle
GO:0043229	intracellular organelle	13313	32	23.25	0.00097	GO:0043229 - intracellular organelle
GO:0031974	membrane-enclosed lumen	5659	19	9.88	0.00113	GO:0031974 - membrane-enclosed lumen
GO:0043233	organelle lumen	5659	19	9.88	0.00113	GO:0043233 - organelle lumen
GO:0015934	large ribosomal subunit	121	3	0.21	0.00122	GO:0015934 - large ribosomal subunit
GO:0000314	organellar small ribosomal subunit	37	2	0.06	0.0019	GO:0000314 - organellar small ribosomal subunit
GO:0005763	mitochondrial small ribosomal subunit	37	2	0.06	0.0019	GO:0005763 - mitochondrial small ribosomal subunit
GO:1902494	catalytic complex	1552	8	2.71	0.00457	GO:1902494 - catalytic complex
GO:0016469	proton-transporting two-sector ATPase co...	61	2	0.11	0.00509	GO:0016469 - proton-transporting two-sector ATPase co...
GO:0071598	neuronal ribonucleoprotein granule	3	1	0.01	0.00523	GO:0071598 - neuronal ribonucleoprotein granule
GO:0005881	cytoplasmic microtubule	70	2	0.12	0.00665	GO:0005881 - cytoplasmic microtubule
GO:0000275	mitochondrial proton-transporting ATP sy...	4	1	0.01	0.00697	GO:0000275 - mitochondrial proton-transporting ATP sy...
GO:0035658	Mon1-Ccz1 complex	5	1	0.01	0.0087	GO:0035658 - Mon1-Ccz1 complex
GO:0045261	proton-transporting ATP synthase complex...	5	1	0.01	0.0087	GO:0045261 - proton-transporting ATP synthase complex...
GO:0015935	small ribosomal subunit	97	2	0.17	0.01244	GO:0015935 - small ribosomal subunit
GO:0033588	elongator holoenzyme complex	8	1	0.01	0.01389	GO:0033588 - elongator holoenzyme complex
GO:0000276	mitochondrial proton-transporting ATP sy...	12	1	0.02	0.02076	GO:0000276 - mitochondrial proton-transporting ATP sy...
GO:0005622	intracellular anatomical structure	15889	33	27.75	0.02157	GO:0005622 - intracellular anatomical structure
