GO.ID	Term	Annotated	Significant	Expected	classicFisher	plot_id
GO:0006996	organelle organization	4141	81	50.63	3.1e-06	GO:0006996 - organelle organization
GO:0031914	negative regulation of synaptic plastici...	5	3	0.06	1.8e-05	GO:0031914 - negative regulation of synaptic plastici...
GO:0071840	cellular component organization or bioge...	6927	113	84.7	9.5e-05	GO:0071840 - cellular component organization or bioge...
GO:0071704	organic substance metabolic process	11725	170	143.37	0.00017	GO:0071704 - organic substance metabolic process
GO:0035601	protein deacylation	107	7	1.31	0.00035	GO:0035601 - protein deacylation
GO:0016570	histone modification	489	16	5.98	0.00036	GO:0016570 - histone modification
GO:0016575	histone deacetylation	79	6	0.97	0.00041	GO:0016575 - histone deacetylation
GO:0009394	2'-deoxyribonucleotide metabolic process	30	4	0.37	0.00047	GO:0009394 - 2'-deoxyribonucleotide metabolic process
GO:0006281	DNA repair	604	18	7.39	0.00048	GO:0006281 - DNA repair
GO:0016043	cellular component organization	6726	107	82.24	0.00052	GO:0016043 - cellular component organization
GO:0016569	covalent chromatin modification	509	16	6.22	0.00056	GO:0016569 - covalent chromatin modification
GO:0019692	deoxyribose phosphate metabolic process	32	4	0.39	6e-04	GO:0019692 - deoxyribose phosphate metabolic process
GO:1902017	regulation of cilium assembly	56	5	0.68	6e-04	GO:1902017 - regulation of cilium assembly
GO:0098732	macromolecule deacylation	118	7	1.44	0.00062	GO:0098732 - macromolecule deacylation
GO:0008152	metabolic process	12231	173	149.55	0.00072	GO:0008152 - metabolic process
GO:0009262	deoxyribonucleotide metabolic process	34	4	0.42	0.00076	GO:0009262 - deoxyribonucleotide metabolic process
GO:1990910	response to hypobaric hypoxia	4	2	0.05	0.00088	GO:1990910 - response to hypobaric hypoxia
GO:0048167	regulation of synaptic plasticity	203	9	2.48	0.00091	GO:0048167 - regulation of synaptic plasticity
GO:0044238	primary metabolic process	11072	159	135.38	0.00097	GO:0044238 - primary metabolic process
GO:0044282	small molecule catabolic process	438	14	5.36	0.00104	GO:0044282 - small molecule catabolic process
GO:0006476	protein deacetylation	97	6	1.19	0.00123	GO:0006476 - protein deacetylation
GO:0009219	pyrimidine deoxyribonucleotide metabolic...	19	3	0.23	0.00151	GO:0009219 - pyrimidine deoxyribonucleotide metabolic...
GO:0009264	deoxyribonucleotide catabolic process	19	3	0.23	0.00151	GO:0009264 - deoxyribonucleotide catabolic process
GO:0006974	cellular response to DNA damage stimulus	958	23	11.71	0.0016	GO:0006974 - cellular response to DNA damage stimulus
GO:0046386	deoxyribose phosphate catabolic process	20	3	0.24	0.00176	GO:0046386 - deoxyribose phosphate catabolic process
GO:0044281	small molecule metabolic process	1976	39	24.16	0.00182	GO:0044281 - small molecule metabolic process
GO:0046907	intracellular transport	1863	37	22.78	0.00217	GO:0046907 - intracellular transport
GO:0015031	protein transport	2012	39	24.6	0.00251	GO:0015031 - protein transport
GO:0043170	macromolecule metabolic process	10080	145	123.25	0.00256	GO:0043170 - macromolecule metabolic process
GO:0008306	associative learning	78	5	0.95	0.00268	GO:0008306 - associative learning
GO:0006259	DNA metabolic process	1002	23	12.25	0.00283	GO:0006259 - DNA metabolic process
GO:0006807	nitrogen compound metabolic process	10522	150	128.66	0.00288	GO:0006807 - nitrogen compound metabolic process
GO:0046467	membrane lipid biosynthetic process	159	7	1.94	0.00347	GO:0046467 - membrane lipid biosynthetic process
GO:0045184	establishment of protein localization	2119	40	25.91	0.00353	GO:0045184 - establishment of protein localization
GO:1901564	organonitrogen compound metabolic proces...	7003	106	85.63	0.00373	GO:1901564 - organonitrogen compound metabolic proces...
GO:0015833	peptide transport	2064	39	25.24	0.00391	GO:0015833 - peptide transport
GO:0048193	Golgi vesicle transport	400	12	4.89	0.00392	GO:0048193 - Golgi vesicle transport
GO:0090385	phagosome-lysosome fusion	8	2	0.1	0.00397	GO:0090385 - phagosome-lysosome fusion
GO:2000322	regulation of glucocorticoid receptor si...	8	2	0.1	0.00397	GO:2000322 - regulation of glucocorticoid receptor si...
GO:0033043	regulation of organelle organization	1220	26	14.92	0.00414	GO:0033043 - regulation of organelle organization
GO:0016559	peroxisome fission	9	2	0.11	0.00506	GO:0016559 - peroxisome fission
GO:1904627	response to phorbol 13-acetate 12-myrist...	9	2	0.11	0.00506	GO:1904627 - response to phorbol 13-acetate 12-myrist...
GO:1904628	cellular response to phorbol 13-acetate ...	9	2	0.11	0.00506	GO:1904628 - cellular response to phorbol 13-acetate ...
GO:0043412	macromolecule modification	4384	71	53.6	0.00508	GO:0043412 - macromolecule modification
GO:0042886	amide transport	2098	39	25.65	0.00515	GO:0042886 - amide transport
GO:0034470	ncRNA processing	416	12	5.09	0.00533	GO:0034470 - ncRNA processing
GO:0034660	ncRNA metabolic process	528	14	6.46	0.00566	GO:0034660 - ncRNA metabolic process
GO:0043543	protein acylation	268	9	3.28	0.00588	GO:0043543 - protein acylation
GO:0035066	positive regulation of histone acetylati...	32	3	0.39	0.00689	GO:0035066 - positive regulation of histone acetylati...
GO:0007040	lysosome organization	62	4	0.76	0.00698	GO:0007040 - lysosome organization
