GO.ID	Term	Annotated	Significant	Expected	classicFisher	plot_id
GO:0005622	intracellular anatomical structure	15889	221	191.91	1.6e-06	GO:0005622 - intracellular anatomical structure
GO:0043226	organelle	14883	211	179.76	1.9e-06	GO:0043226 - organelle
GO:0005739	mitochondrion	1748	43	21.11	5.6e-06	GO:0005739 - mitochondrion
GO:0043227	membrane-bounded organelle	13649	195	164.85	1.8e-05	GO:0043227 - membrane-bounded organelle
GO:0043229	intracellular organelle	13313	190	160.79	4.1e-05	GO:0043229 - intracellular organelle
GO:0005759	mitochondrial matrix	501	18	6.05	4.1e-05	GO:0005759 - mitochondrial matrix
GO:0043231	intracellular membrane-bounded organelle	12041	174	145.43	0.00011	GO:0043231 - intracellular membrane-bounded organelle
GO:0005813	centrosome	546	18	6.59	0.00012	GO:0005813 - centrosome
GO:0070013	intracellular organelle lumen	5482	92	66.21	2e-04	GO:0070013 - intracellular organelle lumen
GO:0005737	cytoplasm	12631	179	152.56	0.00027	GO:0005737 - cytoplasm
GO:0031974	membrane-enclosed lumen	5659	93	68.35	4e-04	GO:0031974 - membrane-enclosed lumen
GO:0043233	organelle lumen	5659	93	68.35	4e-04	GO:0043233 - organelle lumen
GO:0005740	mitochondrial envelope	818	22	9.88	4e-04	GO:0005740 - mitochondrial envelope
GO:0015630	microtubule cytoskeleton	1286	30	15.53	0.00042	GO:0015630 - microtubule cytoskeleton
GO:0031966	mitochondrial membrane	775	21	9.36	5e-04	GO:0031966 - mitochondrial membrane
GO:0005779	integral component of peroxisomal membra...	15	3	0.18	0.00071	GO:0005779 - integral component of peroxisomal membra...
GO:0031231	intrinsic component of peroxisomal membr...	15	3	0.18	0.00071	GO:0031231 - intrinsic component of peroxisomal membr...
GO:0005815	microtubule organizing center	804	21	9.71	8e-04	GO:0005815 - microtubule organizing center
GO:0031967	organelle envelope	1311	29	15.83	0.00121	GO:0031967 - organelle envelope
GO:0031975	envelope	1311	29	15.83	0.00121	GO:0031975 - envelope
GO:0005743	mitochondrial inner membrane	526	15	6.35	0.00193	GO:0005743 - mitochondrial inner membrane
GO:0031981	nuclear lumen	4420	72	53.38	0.00317	GO:0031981 - nuclear lumen
GO:0031090	organelle membrane	3925	64	47.41	0.00567	GO:0031090 - organelle membrane
GO:0036064	ciliary basal body	135	6	1.63	0.00602	GO:0036064 - ciliary basal body
GO:0019866	organelle inner membrane	595	15	7.19	0.00603	GO:0019866 - organelle inner membrane
GO:0005654	nucleoplasm	3864	63	46.67	0.00611	GO:0005654 - nucleoplasm
GO:0045171	intercellular bridge	63	4	0.76	0.00709	GO:0045171 - intercellular bridge
GO:0005829	cytosol	5466	83	66.02	0.00975	GO:0005829 - cytosol
GO:0030914	STAGA complex	13	2	0.16	0.01038	GO:0030914 - STAGA complex
GO:0043240	Fanconi anaemia nuclear complex	13	2	0.16	0.01038	GO:0043240 - Fanconi anaemia nuclear complex
GO:0044284	mitochondrial crista junction	1	1	0.01	0.01208	GO:0044284 - mitochondrial crista junction
GO:0061845	neuron projection branch point	1	1	0.01	0.01208	GO:0061845 - neuron projection branch point
GO:0061846	dendritic spine cytoplasm	1	1	0.01	0.01208	GO:0061846 - dendritic spine cytoplasm
GO:0070516	CAK-ERCC2 complex	1	1	0.01	0.01208	GO:0070516 - CAK-ERCC2 complex
GO:0099189	postsynaptic spectrin-associated cytoske...	1	1	0.01	0.01208	GO:0099189 - postsynaptic spectrin-associated cytoske...
GO:1990673	intrinsic component of endoplasmic retic...	1	1	0.01	0.01208	GO:1990673 - intrinsic component of endoplasmic retic...
GO:1990701	integral component of endoplasmic reticu...	1	1	0.01	0.01208	GO:1990701 - integral component of endoplasmic reticu...
GO:0005929	cilium	645	15	7.79	0.0121	GO:0005929 - cilium
GO:0000118	histone deacetylase complex	75	4	0.91	0.01293	GO:0000118 - histone deacetylase complex
GO:0032592	integral component of mitochondrial memb...	79	4	0.95	0.0154	GO:0032592 - integral component of mitochondrial memb...
GO:0017119	Golgi transport complex	16	2	0.19	0.0156	GO:0017119 - Golgi transport complex
GO:0098573	intrinsic component of mitochondrial mem...	80	4	0.97	0.01606	GO:0098573 - intrinsic component of mitochondrial mem...
GO:0099023	vesicle tethering complex	80	4	0.97	0.01606	GO:0099023 - vesicle tethering complex
GO:0005634	nucleus	8050	114	97.23	0.0173	GO:0005634 - nucleus
GO:0031300	intrinsic component of organelle membran...	501	12	6.05	0.01919	GO:0031300 - intrinsic component of organelle membran...
GO:0031307	integral component of mitochondrial oute...	20	2	0.24	0.02392	GO:0031307 - integral component of mitochondrial oute...
GO:0097344	Rix1 complex	2	1	0.02	0.02401	GO:0097344 - Rix1 complex
GO:0043232	intracellular non-membrane-bounded organ...	4520	68	54.59	0.02545	GO:0043232 - intracellular non-membrane-bounded organ...
GO:0031306	intrinsic component of mitochondrial out...	21	2	0.25	0.02624	GO:0031306 - intrinsic component of mitochondrial out...
GO:0043228	non-membrane-bounded organelle	4531	68	54.73	0.02672	GO:0043228 - non-membrane-bounded organelle
