drugbank_id	name	whichFDA
DB00070	Hyaluronidase (ovine)	TRUE
DB00309	Vindesine	TRUE
DB01282	Carbetocin	TRUE
DB01750	1-naphthaleneacetic acid	FALSE
DB02082	Phosphoaminophosphonic acid guanylate ester	FALSE
DB04436	3-Fluoro-L-tyrosine	FALSE
DB05936	CVT-6883	FALSE
DB06205	Vorhyaluronidase alfa	TRUE
DB06773	Human calcitonin	TRUE
DB06980	(2S)-2-(1H-indol-3-yl)hexanoic acid	FALSE
DB06981	(2S)-2-(1H-indol-3-yl)pentanoic acid	FALSE
DB06982	(2S)-8-[(tert-butoxycarbonyl)amino]-2-(1H-indol-3-yl)octanoic acid	FALSE
DB07403	4-[(3-CHLORO-4-{[(2R)-3,3,3-TRIFLUORO-2-HYDROXY-2-METHYLPROPANOYL]AMINO}PHENYL)SULFONYL]-N,N-DIMETHYLBENZAMIDE	FALSE
DB07926	N-[3-(N'-HYDROXYCARBOXAMIDO)-2-(2-METHYLPROPYL)-PROPANOYL]-O-TYROSINE-N-METHYLAMIDE	FALSE
DB08163	5'-{[4-(aminooxy)butyl](methyl)amino}-5'-deoxy-8-ethenyladenosine	FALSE
DB08482	[[1-[N-HYDROXY-ACETAMIDYL]-3-METHYL-BUTYL]-CARBONYL-LEUCINYL]-ALANINE ETHYL ESTER	FALSE
DB08491	N-HYDROXY-2-[4-(4-PHENOXY-BENZENESULFONYL)-TETRAHYDRO-PYRAN-4-YL]-ACETAMIDE	FALSE
