GO.ID	Term	Annotated	Significant	Expected	classicFisher	plot_id
GO:0005737	cytoplasm	12631	117	87.61	8.3e-08	GO:0005737 - cytoplasm
GO:0005622	intracellular anatomical structure	15889	133	110.21	3.2e-07	GO:0005622 - intracellular anatomical structure
GO:0002102	podosome	31	4	0.22	6e-05	GO:0002102 - podosome
GO:0055037	recycling endosome	223	8	1.55	0.00017	GO:0055037 - recycling endosome
GO:0043229	intracellular organelle	13313	112	92.34	0.00025	GO:0043229 - intracellular organelle
GO:0030054	cell junction	2050	28	14.22	0.00036	GO:0030054 - cell junction
GO:0010008	endosome membrane	624	13	4.33	0.00041	GO:0010008 - endosome membrane
GO:0043231	intracellular membrane-bounded organelle	12041	103	83.52	0.00049	GO:0043231 - intracellular membrane-bounded organelle
GO:0045202	synapse	1275	20	8.84	0.00052	GO:0045202 - synapse
GO:0043227	membrane-bounded organelle	13649	113	94.67	0.00053	GO:0043227 - membrane-bounded organelle
GO:0005768	endosome	1091	18	7.57	0.00056	GO:0005768 - endosome
GO:0055038	recycling endosome membrane	117	5	0.81	0.00135	GO:0055038 - recycling endosome membrane
GO:0005829	cytosol	5466	54	37.91	0.00205	GO:0005829 - cytosol
GO:0031410	cytoplasmic vesicle	2672	31	18.53	0.00253	GO:0031410 - cytoplasmic vesicle
GO:0097708	intracellular vesicle	2675	31	18.55	0.00258	GO:0097708 - intracellular vesicle
GO:0012505	endomembrane system	5005	50	34.72	0.0026	GO:0012505 - endomembrane system
GO:0043226	organelle	14883	118	103.23	0.00273	GO:0043226 - organelle
GO:0098588	bounding membrane of organelle	2368	28	16.43	0.00324	GO:0098588 - bounding membrane of organelle
GO:0031090	organelle membrane	3925	41	27.23	0.00333	GO:0031090 - organelle membrane
GO:0098793	presynapse	526	10	3.65	0.00373	GO:0098793 - presynapse
GO:0001741	XY body	14	2	0.1	0.00412	GO:0001741 - XY body
GO:0061828	apical tubulobulbar complex	1	1	0.01	0.00694	GO:0061828 - apical tubulobulbar complex
GO:0061829	basal tubulobulbar complex	1	1	0.01	0.00694	GO:0061829 - basal tubulobulbar complex
GO:0043034	costamere	19	2	0.13	0.00756	GO:0043034 - costamere
GO:0014069	postsynaptic density	355	7	2.46	0.01206	GO:0014069 - postsynaptic density
GO:0031984	organelle subcompartment	1908	22	13.23	0.01219	GO:0031984 - organelle subcompartment
GO:0001725	stress fiber	69	3	0.48	0.01227	GO:0001725 - stress fiber
GO:0097517	contractile actin filament bundle	69	3	0.48	0.01227	GO:0097517 - contractile actin filament bundle
GO:0032279	asymmetric synapse	359	7	2.49	0.01276	GO:0032279 - asymmetric synapse
GO:0005874	microtubule	449	8	3.11	0.0132	GO:0005874 - microtubule
GO:0031380	nuclear RNA-directed RNA polymerase comp...	2	1	0.01	0.01382	GO:0031380 - nuclear RNA-directed RNA polymerase comp...
GO:0034684	integrin alphav-beta5 complex	2	1	0.01	0.01382	GO:0034684 - integrin alphav-beta5 complex
GO:0036284	tubulobulbar complex	2	1	0.01	0.01382	GO:0036284 - tubulobulbar complex
GO:0098944	postsynaptic recycling endosome membrane	2	1	0.01	0.01382	GO:0098944 - postsynaptic recycling endosome membrane
GO:0098949	intrinsic component of postsynaptic endo...	2	1	0.01	0.01382	GO:0098949 - intrinsic component of postsynaptic endo...
GO:0098951	intrinsic component of postsynaptic recy...	2	1	0.01	0.01382	GO:0098951 - intrinsic component of postsynaptic recy...
GO:0099033	anchored component of postsynaptic recyc...	2	1	0.01	0.01382	GO:0099033 - anchored component of postsynaptic recyc...
GO:0099034	anchored component of postsynaptic endos...	2	1	0.01	0.01382	GO:0099034 - anchored component of postsynaptic endos...
GO:0048471	perinuclear region of cytoplasm	741	11	5.14	0.01429	GO:0048471 - perinuclear region of cytoplasm
GO:0032432	actin filament bundle	76	3	0.53	0.01589	GO:0032432 - actin filament bundle
GO:0036452	ESCRT complex	28	2	0.19	0.01605	GO:0036452 - ESCRT complex
GO:0044306	neuron projection terminus	139	4	0.96	0.01608	GO:0044306 - neuron projection terminus
GO:0099572	postsynaptic specialization	380	7	2.64	0.01693	GO:0099572 - postsynaptic specialization
GO:0098984	neuron to neuron synapse	381	7	2.64	0.01715	GO:0098984 - neuron to neuron synapse
GO:0044322	endoplasmic reticulum quality control co...	29	2	0.2	0.01716	GO:0044322 - endoplasmic reticulum quality control co...
GO:0042641	actomyosin	79	3	0.55	0.01761	GO:0042641 - actomyosin
GO:0000151	ubiquitin ligase complex	302	6	2.09	0.01895	GO:0000151 - ubiquitin ligase complex
GO:0000803	sex chromosome	31	2	0.22	0.01948	GO:0000803 - sex chromosome
GO:0008305	integrin complex	31	2	0.22	0.01948	GO:0008305 - integrin complex
GO:1990752	microtubule end	31	2	0.22	0.01948	GO:1990752 - microtubule end
