GO.ID	Term	Annotated	Significant	Expected	classicFisher	plot_id
GO:0010646	regulation of cell communication	3661	49	25.99	2.6e-06	GO:0010646 - regulation of cell communication
GO:0023051	regulation of signaling	3701	49	26.27	3.6e-06	GO:0023051 - regulation of signaling
GO:0009966	regulation of signal transduction	3257	44	23.12	8.7e-06	GO:0009966 - regulation of signal transduction
GO:0051130	positive regulation of cellular componen...	1189	23	8.44	1e-05	GO:0051130 - positive regulation of cellular componen...
GO:0060759	regulation of response to cytokine stimu...	200	9	1.42	1.3e-05	GO:0060759 - regulation of response to cytokine stimu...
GO:0035556	intracellular signal transduction	2929	40	20.79	2.1e-05	GO:0035556 - intracellular signal transduction
GO:0048518	positive regulation of biological proces...	6497	69	46.12	3.8e-05	GO:0048518 - positive regulation of biological proces...
GO:0048583	regulation of response to stimulus	4500	53	31.94	3.9e-05	GO:0048583 - regulation of response to stimulus
GO:0048522	positive regulation of cellular process	5897	64	41.86	4.9e-05	GO:0048522 - positive regulation of cellular process
GO:0051128	regulation of cellular component organiz...	2416	34	17.15	5.9e-05	GO:0051128 - regulation of cellular component organiz...
GO:0001959	regulation of cytokine-mediated signalin...	188	8	1.33	6e-05	GO:0001959 - regulation of cytokine-mediated signalin...
GO:0044267	cellular protein metabolic process	5365	59	38.08	8.6e-05	GO:0044267 - cellular protein metabolic process
GO:0042060	wound healing	534	13	3.79	0.00011	GO:0042060 - wound healing
GO:0007166	cell surface receptor signaling pathway	3283	41	23.3	0.00013	GO:0007166 - cell surface receptor signaling pathway
GO:0006468	protein phosphorylation	1700	26	12.07	0.00014	GO:0006468 - protein phosphorylation
GO:1902531	regulation of intracellular signal trans...	1901	28	13.49	0.00014	GO:1902531 - regulation of intracellular signal trans...
GO:0042981	regulation of apoptotic process	1615	25	11.46	0.00016	GO:0042981 - regulation of apoptotic process
GO:0043067	regulation of programmed cell death	1650	25	11.71	0.00023	GO:0043067 - regulation of programmed cell death
GO:0002753	cytoplasmic pattern recognition receptor...	79	5	0.56	0.00025	GO:0002753 - cytoplasmic pattern recognition receptor...
GO:0034097	response to cytokine	1380	22	9.8	0.00028	GO:0034097 - response to cytokine
GO:0019538	protein metabolic process	5978	62	42.43	3e-04	GO:0019538 - protein metabolic process
GO:0050790	regulation of catalytic activity	2517	33	17.87	3e-04	GO:0050790 - regulation of catalytic activity
GO:0043065	positive regulation of apoptotic process	601	13	4.27	0.00036	GO:0043065 - positive regulation of apoptotic process
GO:0010941	regulation of cell death	1803	26	12.8	0.00036	GO:0010941 - regulation of cell death
GO:0043068	positive regulation of programmed cell d...	618	13	4.39	0.00046	GO:0043068 - positive regulation of programmed cell d...
GO:0010033	response to organic substance	3624	42	25.72	0.00053	GO:0010033 - response to organic substance
GO:0044260	cellular macromolecule metabolic process	8681	81	61.62	0.00059	GO:0044260 - cellular macromolecule metabolic process
GO:0006796	phosphate-containing compound metabolic ...	3181	38	22.58	0.00061	GO:0006796 - phosphate-containing compound metabolic ...
GO:0043405	regulation of MAP kinase activity	333	9	2.36	0.00063	GO:0043405 - regulation of MAP kinase activity
GO:0016310	phosphorylation	2187	29	15.52	0.00063	GO:0016310 - phosphorylation
GO:0006793	phosphorus metabolic process	3209	38	22.78	0.00072	GO:0006793 - phosphorus metabolic process
GO:0010604	positive regulation of macromolecule met...	3560	41	25.27	0.00073	GO:0010604 - positive regulation of macromolecule met...
GO:0060627	regulation of vesicle-mediated transport	567	12	4.02	0.00073	GO:0060627 - regulation of vesicle-mediated transport
GO:0080134	regulation of response to stress	1480	22	10.51	0.00073	GO:0080134 - regulation of response to stress
GO:0071345	cellular response to cytokine stimulus	1285	20	9.12	0.00074	GO:0071345 - cellular response to cytokine stimulus
GO:0030219	megakaryocyte differentiation	102	5	0.72	8e-04	GO:0030219 - megakaryocyte differentiation
GO:0065009	regulation of molecular function	3231	38	22.93	0.00082	GO:0065009 - regulation of molecular function
GO:0009611	response to wounding	666	13	4.73	0.00093	GO:0009611 - response to wounding
GO:0010753	positive regulation of cGMP-mediated sig...	7	2	0.05	0.00103	GO:0010753 - positive regulation of cGMP-mediated sig...
GO:0016049	cell growth	509	11	3.61	0.00103	GO:0016049 - cell growth
GO:0031346	positive regulation of cell projection o...	357	9	2.53	0.00103	GO:0031346 - positive regulation of cell projection o...
GO:0043085	positive regulation of catalytic activit...	1519	22	10.78	0.00103	GO:0043085 - positive regulation of catalytic activit...
GO:0002224	toll-like receptor signaling pathway	162	6	1.15	0.00106	GO:0002224 - toll-like receptor signaling pathway
GO:0007596	blood coagulation	360	9	2.56	0.00109	GO:0007596 - blood coagulation
GO:0051173	positive regulation of nitrogen compound...	3171	37	22.51	0.00115	GO:0051173 - positive regulation of nitrogen compound...
GO:0070936	protein K48-linked ubiquitination	65	4	0.46	0.00118	GO:0070936 - protein K48-linked ubiquitination
GO:0019220	regulation of phosphate metabolic proces...	1637	23	11.62	0.00118	GO:0019220 - regulation of phosphate metabolic proces...
GO:0010942	positive regulation of cell death	684	13	4.86	0.00118	GO:0010942 - positive regulation of cell death
GO:0051174	regulation of phosphorus metabolic proce...	1639	23	11.63	0.0012	GO:0051174 - regulation of phosphorus metabolic proce...
GO:0007599	hemostasis	365	9	2.59	0.0012	GO:0007599 - hemostasis
