drugbank_id	name	whichFDA
DB02716	7-methyl-guanosine-5'-triphosphate	FALSE
DB04633	N-ethyl-N-[3-(propylamino)propyl]propane-1,3-diamine	FALSE
DB05165	LY2275796	FALSE
DB06311	Darapladib	FALSE
DB06321	R-348	FALSE
DB06360	Lucatumumab	FALSE
DB06773	Human calcitonin	TRUE
DB06834	N-(2-hydroxy-1,1-dimethylethyl)-1-methyl-3-(1H-pyrrolo[2,3-b]pyridin-2-yl)-1H-indole-5-carboxamide	FALSE
DB07159	Tamatinib	FALSE
DB07194	2-{2-[(3,5-dimethylphenyl)amino]pyrimidin-4-yl}-N-[(1S)-2-hydroxy-1-methylethyl]-4-methyl-1,3-thiazole-5-carboxamide	FALSE
DB08361	2-{[(1R,2S)-2-aminocyclohexyl]amino}-4-[(3-methylphenyl)amino]pyrimidine-5-carboxamide	FALSE
DB12589	Dacetuzumab	FALSE
