GO.ID	Term	Annotated	Significant	Expected	classicFisher	plot_id
GO:0005829	cytosol	5466	77	36.59	3e-13	GO:0005829 - cytosol
GO:0005737	cytoplasm	12631	122	84.55	1e-12	GO:0005737 - cytoplasm
GO:0005622	intracellular anatomical structure	15889	132	106.36	1.6e-09	GO:0005622 - intracellular anatomical structure
GO:0043226	organelle	14883	124	99.62	3.2e-07	GO:0043226 - organelle
GO:0043227	membrane-bounded organelle	13649	115	91.36	5.1e-06	GO:0043227 - membrane-bounded organelle
GO:0043229	intracellular organelle	13313	113	89.11	5.7e-06	GO:0043229 - intracellular organelle
GO:0048471	perinuclear region of cytoplasm	741	17	4.96	9.6e-06	GO:0048471 - perinuclear region of cytoplasm
GO:0032009	early phagosome	12	3	0.08	6.2e-05	GO:0032009 - early phagosome
GO:0005654	nucleoplasm	3864	45	25.86	6.8e-05	GO:0005654 - nucleoplasm
GO:0031982	vesicle	4297	48	28.76	1e-04	GO:0031982 - vesicle
GO:0090443	FAR/SIN/STRIPAK complex	3	2	0.02	0.00013	GO:0090443 - FAR/SIN/STRIPAK complex
GO:0032432	actin filament bundle	76	5	0.51	0.00016	GO:0032432 - actin filament bundle
GO:0031981	nuclear lumen	4420	48	29.59	2e-04	GO:0031981 - nuclear lumen
GO:0045335	phagocytic vesicle	187	7	1.25	0.00027	GO:0045335 - phagocytic vesicle
GO:0031974	membrane-enclosed lumen	5659	57	37.88	3e-04	GO:0031974 - membrane-enclosed lumen
GO:0043233	organelle lumen	5659	57	37.88	3e-04	GO:0043233 - organelle lumen
GO:0012505	endomembrane system	5005	52	33.5	3e-04	GO:0012505 - endomembrane system
GO:0043231	intracellular membrane-bounded organelle	12041	99	80.6	0.00078	GO:0043231 - intracellular membrane-bounded organelle
GO:0005634	nucleus	8050	72	53.89	0.00116	GO:0005634 - nucleus
GO:0001725	stress fiber	69	4	0.46	0.00119	GO:0001725 - stress fiber
GO:0097517	contractile actin filament bundle	69	4	0.46	0.00119	GO:0097517 - contractile actin filament bundle
GO:0070013	intracellular organelle lumen	5482	53	36.7	0.00156	GO:0070013 - intracellular organelle lumen
GO:0042641	actomyosin	79	4	0.53	0.00196	GO:0042641 - actomyosin
GO:0030054	cell junction	2050	25	13.72	0.00226	GO:0030054 - cell junction
GO:0070062	extracellular exosome	2301	27	15.4	0.00257	GO:0070062 - extracellular exosome
GO:1903561	extracellular vesicle	2325	27	15.56	0.00297	GO:1903561 - extracellular vesicle
GO:0043230	extracellular organelle	2330	27	15.6	0.00306	GO:0043230 - extracellular organelle
GO:1902494	catalytic complex	1552	20	10.39	0.0035	GO:1902494 - catalytic complex
GO:0016580	Sin3 complex	14	2	0.09	0.00384	GO:0016580 - Sin3 complex
GO:0000151	ubiquitin ligase complex	302	7	2.02	0.00428	GO:0000151 - ubiquitin ligase complex
GO:0043228	non-membrane-bounded organelle	4531	44	30.33	0.00443	GO:0043228 - non-membrane-bounded organelle
GO:0031410	cytoplasmic vesicle	2672	29	17.89	0.00545	GO:0031410 - cytoplasmic vesicle
GO:0097708	intracellular vesicle	2675	29	17.91	0.00553	GO:0097708 - intracellular vesicle
GO:0070822	Sin3-type complex	17	2	0.11	0.00566	GO:0070822 - Sin3-type complex
GO:0043232	intracellular non-membrane-bounded organ...	4520	43	30.26	0.00728	GO:0043232 - intracellular non-membrane-bounded organ...
GO:0032991	protein-containing complex	5755	52	38.52	0.00792	GO:0032991 - protein-containing complex
GO:0005769	early endosome	432	8	2.89	0.0087	GO:0005769 - early endosome
GO:0140535	intracellular protein-containing complex	833	12	5.58	0.01021	GO:0140535 - intracellular protein-containing complex
GO:0005925	focal adhesion	446	8	2.99	0.01041	GO:0005925 - focal adhesion
GO:0070161	anchoring junction	836	12	5.6	0.01048	GO:0070161 - anchoring junction
GO:0030670	phagocytic vesicle membrane	128	4	0.86	0.01082	GO:0030670 - phagocytic vesicle membrane
GO:0031093	platelet alpha granule lumen	69	3	0.46	0.01115	GO:0031093 - platelet alpha granule lumen
GO:0045202	synapse	1275	16	8.53	0.01133	GO:0045202 - synapse
GO:0030055	cell-substrate junction	454	8	3.04	0.0115	GO:0030055 - cell-substrate junction
GO:0005911	cell-cell junction	455	8	3.05	0.01164	GO:0005911 - cell-cell junction
GO:1990234	transferase complex	852	12	5.7	0.01205	GO:1990234 - transferase complex
GO:0031436	BRCA1-BARD1 complex	2	1	0.01	0.01334	GO:0031436 - BRCA1-BARD1 complex
GO:0034998	oligosaccharyltransferase I complex	2	1	0.01	0.01334	GO:0034998 - oligosaccharyltransferase I complex
GO:0036186	early phagosome membrane	2	1	0.01	0.01334	GO:0036186 - early phagosome membrane
GO:0097125	cyclin B1-CDK1 complex	2	1	0.01	0.01334	GO:0097125 - cyclin B1-CDK1 complex
