GO.ID	Term	Annotated	Significant	Expected	classicFisher	plot_id
GO:0048522	positive regulation of cellular process	5897	66	40.64	3.1e-06	GO:0048522 - positive regulation of cellular process
GO:0051246	regulation of protein metabolic process	2701	39	18.61	3.4e-06	GO:0051246 - regulation of protein metabolic process
GO:0044267	cellular protein metabolic process	5365	61	36.97	6.3e-06	GO:0044267 - cellular protein metabolic process
GO:0051247	positive regulation of protein metabolic...	1585	27	10.92	9.1e-06	GO:0051247 - positive regulation of protein metabolic...
GO:0032270	positive regulation of cellular protein ...	1503	26	10.36	1.1e-05	GO:0032270 - positive regulation of cellular protein ...
GO:0019538	protein metabolic process	5978	65	41.19	1.1e-05	GO:0019538 - protein metabolic process
GO:0043412	macromolecule modification	4384	52	30.21	1.5e-05	GO:0043412 - macromolecule modification
GO:0006464	cellular protein modification process	4155	50	28.63	1.7e-05	GO:0006464 - cellular protein modification process
GO:0036211	protein modification process	4155	50	28.63	1.7e-05	GO:0036211 - protein modification process
GO:0031401	positive regulation of protein modificat...	1094	21	7.54	1.9e-05	GO:0031401 - positive regulation of protein modificat...
GO:1901564	organonitrogen compound metabolic proces...	7003	72	48.26	1.9e-05	GO:1901564 - organonitrogen compound metabolic proces...
GO:0051641	cellular localization	3709	46	25.56	2e-05	GO:0051641 - cellular localization
GO:0048518	positive regulation of biological proces...	6497	68	44.77	2.3e-05	GO:0048518 - positive regulation of biological proces...
GO:0030168	platelet activation	170	8	1.17	2.4e-05	GO:0030168 - platelet activation
GO:0032268	regulation of cellular protein metabolic...	2534	35	17.46	3.3e-05	GO:0032268 - regulation of cellular protein metabolic...
GO:0044260	cellular macromolecule metabolic process	8681	83	59.82	3.7e-05	GO:0044260 - cellular macromolecule metabolic process
GO:0007596	blood coagulation	360	11	2.48	4e-05	GO:0007596 - blood coagulation
GO:0051179	localization	7020	71	48.37	4.4e-05	GO:0051179 - localization
GO:0070979	protein K11-linked ubiquitination	29	4	0.2	4.5e-05	GO:0070979 - protein K11-linked ubiquitination
GO:0007599	hemostasis	365	11	2.52	4.6e-05	GO:0007599 - hemostasis
GO:0050817	coagulation	366	11	2.52	4.7e-05	GO:0050817 - coagulation
GO:0009611	response to wounding	666	15	4.59	5.6e-05	GO:0009611 - response to wounding
GO:0051173	positive regulation of nitrogen compound...	3171	40	21.85	6.2e-05	GO:0051173 - positive regulation of nitrogen compound...
GO:0060368	regulation of Fc receptor mediated stimu...	12	3	0.08	6.7e-05	GO:0060368 - regulation of Fc receptor mediated stimu...
GO:0010604	positive regulation of macromolecule met...	3560	43	24.53	8.3e-05	GO:0010604 - positive regulation of macromolecule met...
GO:0070936	protein K48-linked ubiquitination	65	5	0.45	8.5e-05	GO:0070936 - protein K48-linked ubiquitination
GO:0050793	regulation of developmental process	2571	34	17.72	0.00011	GO:0050793 - regulation of developmental process
GO:0034097	response to cytokine	1380	22	9.51	0.00018	GO:0034097 - response to cytokine
GO:0043170	macromolecule metabolic process	10080	90	69.46	0.00021	GO:0043170 - macromolecule metabolic process
GO:0009893	positive regulation of metabolic process	3830	44	26.39	0.00022	GO:0009893 - positive regulation of metabolic process
GO:0070887	cellular response to chemical stimulus	3616	42	24.92	0.00025	GO:0070887 - cellular response to chemical stimulus
GO:0051347	positive regulation of transferase activ...	686	14	4.73	0.00028	GO:0051347 - positive regulation of transferase activ...
GO:0090330	regulation of platelet aggregation	19	3	0.13	0.00029	GO:0090330 - regulation of platelet aggregation
GO:0002431	Fc receptor mediated stimulatory signali...	84	5	0.58	0.00029	GO:0002431 - Fc receptor mediated stimulatory signali...
GO:0042060	wound healing	534	12	3.68	0.00033	GO:0042060 - wound healing
GO:0042127	regulation of cell population proliferat...	1752	25	12.07	0.00035	GO:0042127 - regulation of cell population proliferat...
GO:0031325	positive regulation of cellular metaboli...	3324	39	22.91	0.00038	GO:0031325 - positive regulation of cellular metaboli...
GO:0008283	cell population proliferation	2088	28	14.39	0.00041	GO:0008283 - cell population proliferation
GO:0044237	cellular metabolic process	11336	97	78.11	0.00045	GO:0044237 - cellular metabolic process
GO:0051649	establishment of localization in cell	3005	36	20.71	0.00046	GO:0051649 - establishment of localization in cell
GO:0006950	response to stress	4464	48	30.76	0.00048	GO:0006950 - response to stress
GO:0071345	cellular response to cytokine stimulus	1285	20	8.85	0.00051	GO:0071345 - cellular response to cytokine stimulus
GO:1903827	regulation of cellular protein localizat...	561	12	3.87	0.00051	GO:1903827 - regulation of cellular protein localizat...
GO:0010562	positive regulation of phosphorus metabo...	999	17	6.88	0.00051	GO:0010562 - positive regulation of phosphorus metabo...
GO:0045937	positive regulation of phosphate metabol...	999	17	6.88	0.00051	GO:0045937 - positive regulation of phosphate metabol...
GO:0031399	regulation of protein modification proce...	1694	24	11.67	0.00052	GO:0031399 - regulation of protein modification proce...
GO:0034613	cellular protein localization	2046	27	14.1	0.00068	GO:0034613 - cellular protein localization
GO:0043085	positive regulation of catalytic activit...	1519	22	10.47	0.00069	GO:0043085 - positive regulation of catalytic activit...
GO:0006807	nitrogen compound metabolic process	10522	91	72.51	0.00072	GO:0006807 - nitrogen compound metabolic process
GO:0070727	cellular macromolecule localization	2057	27	14.17	0.00073	GO:0070727 - cellular macromolecule localization
