ID	Description	GeneRatio	BgRatio	pvalue	p.adjust	qvalue	geneID	Count
R-HSA-8866652	Synthesis of active ubiquitin: roles of E1 and E2 enzymes	5/100	30/10856	7.1189055546738e-06	0.00257864836924266	0.00229832537922788	UBE2A/USP9X/UBE2G1/UBE2C/UBE2L3	5
R-HSA-8852135	Protein ubiquitination	7/100	79/10856	7.67454871798412e-06	0.00257864836924266	0.00229832537922788	UBE2A/UBE2D3/USP9X/UBE2G1/UBE2C/UBE2L3/HLA-A	7
R-HSA-9705462	Inactivation of CSF3 (G-CSF) signaling	4/100	25/10856	7.39020393744889e-05	0.0165540568198855	0.0147544773347664	UBE2D3/STAT1/SYK/LYN	4
R-HSA-9674555	Signaling by CSF3 (G-CSF)	4/100	30/10856	0.000154544700990689	0.0259635097664358	0.023141035490448	UBE2D3/STAT1/SYK/LYN	4
R-HSA-9027284	Erythropoietin activates RAS	3/100	14/10856	0.000256450507707176	0.0344669482358444	0.0307200713442912	CRKL/NRAS/LYN	3
