GO.ID	Term	Annotated	Significant	Expected	classicFisher	plot_id
GO:0005622	intracellular anatomical structure	15889	111	89.4	3.1e-08	GO:0005622 - intracellular anatomical structure
GO:0005829	cytosol	5466	58	30.76	5.4e-08	GO:0005829 - cytosol
GO:0005737	cytoplasm	12631	97	71.07	1.3e-07	GO:0005737 - cytoplasm
GO:0043226	organelle	14883	104	83.74	3.8e-06	GO:0043226 - organelle
GO:0043229	intracellular organelle	13313	97	74.91	4.3e-06	GO:0043229 - intracellular organelle
GO:0005856	cytoskeleton	2375	31	13.36	5e-06	GO:0005856 - cytoskeleton
GO:0015630	microtubule cytoskeleton	1286	20	7.24	3.1e-05	GO:0015630 - microtubule cytoskeleton
GO:0030055	cell-substrate junction	454	11	2.55	5.2e-05	GO:0030055 - cell-substrate junction
GO:0043227	membrane-bounded organelle	13649	96	76.8	5.3e-05	GO:0043227 - membrane-bounded organelle
GO:0043231	intracellular membrane-bounded organelle	12041	87	67.75	0.00014	GO:0043231 - intracellular membrane-bounded organelle
GO:0031982	vesicle	4297	41	24.18	0.00021	GO:0031982 - vesicle
GO:0005925	focal adhesion	446	10	2.51	0.00021	GO:0005925 - focal adhesion
GO:0015629	actin cytoskeleton	536	11	3.02	0.00022	GO:0015629 - actin cytoskeleton
GO:0070161	anchoring junction	836	14	4.7	0.00025	GO:0070161 - anchoring junction
GO:1904115	axon cytoplasm	58	4	0.33	0.00032	GO:1904115 - axon cytoplasm
GO:0005815	microtubule organizing center	804	13	4.52	6e-04	GO:0005815 - microtubule organizing center
GO:0005634	nucleus	8050	63	45.29	6e-04	GO:0005634 - nucleus
GO:0002102	podosome	31	3	0.17	7e-04	GO:0002102 - podosome
GO:0031410	cytoplasmic vesicle	2672	28	15.03	0.00073	GO:0031410 - cytoplasmic vesicle
GO:0097708	intracellular vesicle	2675	28	15.05	0.00074	GO:0097708 - intracellular vesicle
GO:0070062	extracellular exosome	2301	25	12.95	0.00089	GO:0070062 - extracellular exosome
GO:0005905	clathrin-coated pit	76	4	0.43	0.00089	GO:0005905 - clathrin-coated pit
GO:0000775	chromosome, centromeric region	202	6	1.14	0.001	GO:0000775 - chromosome, centromeric region
GO:1903561	extracellular vesicle	2325	25	13.08	0.00104	GO:1903561 - extracellular vesicle
GO:0005813	centrosome	546	10	3.07	0.00104	GO:0005813 - centrosome
GO:0043230	extracellular organelle	2330	25	13.11	0.00107	GO:0043230 - extracellular organelle
GO:0098791	Golgi apparatus subcompartment	977	14	5.5	0.00118	GO:0098791 - Golgi apparatus subcompartment
GO:0005819	spindle	371	8	2.09	0.0012	GO:0005819 - spindle
GO:0000776	kinetochore	142	5	0.8	0.00126	GO:0000776 - kinetochore
GO:0000139	Golgi membrane	874	13	4.92	0.00128	GO:0000139 - Golgi membrane
GO:0120111	neuron projection cytoplasm	87	4	0.49	0.00148	GO:0120111 - neuron projection cytoplasm
GO:0032991	protein-containing complex	5755	47	32.38	0.00225	GO:0032991 - protein-containing complex
GO:0005938	cell cortex	329	7	1.85	0.00262	GO:0005938 - cell cortex
GO:0098588	bounding membrane of organelle	2368	24	13.32	0.00294	GO:0098588 - bounding membrane of organelle
GO:0030479	actin cortical patch	17	2	0.1	0.00404	GO:0030479 - actin cortical patch
GO:0061645	endocytic patch	17	2	0.1	0.00404	GO:0061645 - endocytic patch
GO:0032154	cleavage furrow	57	3	0.32	0.00407	GO:0032154 - cleavage furrow
GO:0098687	chromosomal region	269	6	1.51	0.00419	GO:0098687 - chromosomal region
GO:0043232	intracellular non-membrane-bounded organ...	4520	38	25.43	0.00454	GO:0043232 - intracellular non-membrane-bounded organ...
GO:0031984	organelle subcompartment	1908	20	10.74	0.00472	GO:0031984 - organelle subcompartment
GO:0043228	non-membrane-bounded organelle	4531	38	25.49	0.00473	GO:0043228 - non-membrane-bounded organelle
GO:0005794	Golgi apparatus	1776	19	9.99	0.00476	GO:0005794 - Golgi apparatus
GO:0012505	endomembrane system	5005	41	28.16	0.00483	GO:0012505 - endomembrane system
GO:0031090	organelle membrane	3925	34	22.08	0.00486	GO:0031090 - organelle membrane
GO:0030054	cell junction	2050	21	11.53	0.00491	GO:0030054 - cell junction
GO:0061825	podosome core	1	1	0.01	0.00563	GO:0061825 - podosome core
GO:1990047	spindle matrix	1	1	0.01	0.00563	GO:1990047 - spindle matrix
GO:0032838	plasma membrane bounded cell projection ...	207	5	1.16	0.00634	GO:0032838 - plasma membrane bounded cell projection ...
GO:0000151	ubiquitin ligase complex	302	6	1.7	0.00728	GO:0000151 - ubiquitin ligase complex
GO:0032153	cell division site	73	3	0.41	0.00811	GO:0032153 - cell division site
