GO.ID	Term	Annotated	Significant	Expected	classicFisher	plot_id
GO:0046907	intracellular transport	1863	31	10.81	4.5e-08	GO:0046907 - intracellular transport
GO:0022607	cellular component assembly	3301	41	19.16	5.7e-07	GO:0022607 - cellular component assembly
GO:0051649	establishment of localization in cell	3005	38	17.44	1.2e-06	GO:0051649 - establishment of localization in cell
GO:0006996	organelle organization	4141	46	24.03	2.1e-06	GO:0006996 - organelle organization
GO:0048813	dendrite morphogenesis	150	8	0.87	2.7e-06	GO:0048813 - dendrite morphogenesis
GO:0016358	dendrite development	260	10	1.51	2.8e-06	GO:0016358 - dendrite development
GO:0070925	organelle assembly	894	18	5.19	3.8e-06	GO:0070925 - organelle assembly
GO:0050775	positive regulation of dendrite morphoge...	41	5	0.24	3.8e-06	GO:0050775 - positive regulation of dendrite morphoge...
GO:0044085	cellular component biogenesis	3556	41	20.63	4.1e-06	GO:0044085 - cellular component biogenesis
GO:0051128	regulation of cellular component organiz...	2416	32	14.02	4.4e-06	GO:0051128 - regulation of cellular component organiz...
GO:0051641	cellular localization	3709	42	21.52	4.7e-06	GO:0051641 - cellular localization
GO:0033043	regulation of organelle organization	1220	21	7.08	6.2e-06	GO:0033043 - regulation of organelle organization
GO:0010770	positive regulation of cell morphogenesi...	80	6	0.46	7.1e-06	GO:0010770 - positive regulation of cell morphogenesi...
GO:0061003	positive regulation of dendritic spine m...	22	4	0.13	7.3e-06	GO:0061003 - positive regulation of dendritic spine m...
GO:0061024	membrane organization	873	17	5.07	1.1e-05	GO:0061024 - membrane organization
GO:0016043	cellular component organization	6726	61	39.03	1.6e-05	GO:0016043 - cellular component organization
GO:0045184	establishment of protein localization	2119	28	12.3	2.2e-05	GO:0045184 - establishment of protein localization
GO:0010769	regulation of cell morphogenesis involve...	98	6	0.57	2.3e-05	GO:0010769 - regulation of cell morphogenesis involve...
GO:0015031	protein transport	2012	27	11.68	2.4e-05	GO:0015031 - protein transport
GO:0060997	dendritic spine morphogenesis	60	5	0.35	2.5e-05	GO:0060997 - dendritic spine morphogenesis
GO:0060996	dendritic spine development	101	6	0.59	2.7e-05	GO:0060996 - dendritic spine development
GO:0060998	regulation of dendritic spine developmen...	63	5	0.37	3.2e-05	GO:0060998 - regulation of dendritic spine developmen...
GO:0015833	peptide transport	2064	27	11.98	3.8e-05	GO:0015833 - peptide transport
GO:0071840	cellular component organization or bioge...	6927	61	40.2	4.4e-05	GO:0071840 - cellular component organization or bioge...
GO:0042886	amide transport	2098	27	12.17	5.1e-05	GO:0042886 - amide transport
GO:0071702	organic substance transport	2869	33	16.65	5.8e-05	GO:0071702 - organic substance transport
GO:0006820	anion transport	3004	34	17.43	5.9e-05	GO:0006820 - anion transport
GO:0048814	regulation of dendrite morphogenesis	73	5	0.42	6.6e-05	GO:0048814 - regulation of dendrite morphogenesis
GO:0051493	regulation of cytoskeleton organization	539	12	3.13	7e-05	GO:0051493 - regulation of cytoskeleton organization
GO:0016192	vesicle-mediated transport	2259	28	13.11	7e-05	GO:0016192 - vesicle-mediated transport
GO:0010256	endomembrane system organization	463	11	2.69	8e-05	GO:0010256 - endomembrane system organization
GO:0043254	regulation of protein-containing complex...	465	11	2.7	8.3e-05	GO:0043254 - regulation of protein-containing complex...
GO:0034613	cellular protein localization	2046	26	11.87	9e-05	GO:0034613 - cellular protein localization
GO:0071705	nitrogen compound transport	2428	29	14.09	9.7e-05	GO:0071705 - nitrogen compound transport
GO:0070727	cellular macromolecule localization	2057	26	11.94	9.8e-05	GO:0070727 - cellular macromolecule localization
GO:0097061	dendritic spine organization	80	5	0.46	1e-04	GO:0097061 - dendritic spine organization
GO:0048193	Golgi vesicle transport	400	10	2.32	0.00011	GO:0048193 - Golgi vesicle transport
GO:0033036	macromolecule localization	3248	35	18.85	0.00012	GO:0033036 - macromolecule localization
GO:0061001	regulation of dendritic spine morphogene...	46	4	0.27	0.00015	GO:0061001 - regulation of dendritic spine morphogene...
GO:0048311	mitochondrion distribution	18	3	0.1	0.00015	GO:0048311 - mitochondrion distribution
GO:0030705	cytoskeleton-dependent intracellular tra...	196	7	1.14	0.00015	GO:0030705 - cytoskeleton-dependent intracellular tra...
GO:0007017	microtubule-based process	871	15	5.05	0.00015	GO:0007017 - microtubule-based process
GO:0006810	transport	5457	50	31.67	0.00015	GO:0006810 - transport
GO:0035088	establishment or maintenance of apical/b...	47	4	0.27	0.00016	GO:0035088 - establishment or maintenance of apical/b...
GO:0060999	positive regulation of dendritic spine d...	47	4	0.27	0.00016	GO:0060999 - positive regulation of dendritic spine d...
GO:0061245	establishment or maintenance of bipolar ...	47	4	0.27	0.00016	GO:0061245 - establishment or maintenance of bipolar ...
GO:0106027	neuron projection organization	88	5	0.51	0.00016	GO:0106027 - neuron projection organization
GO:0007010	cytoskeleton organization	1416	20	8.22	0.00017	GO:0007010 - cytoskeleton organization
GO:0065003	protein-containing complex assembly	2016	25	11.7	0.00019	GO:0065003 - protein-containing complex assembly
GO:1901185	negative regulation of ERBB signaling pa...	51	4	0.3	0.00022	GO:1901185 - negative regulation of ERBB signaling pa...
