GO.ID	Term	Annotated	Significant	Expected	classicFisher	plot_id
GO:0044281	small molecule metabolic process	1976	17	5.53	1.6e-05	GO:0044281 - small molecule metabolic process
GO:0070131	positive regulation of mitochondrial tra...	18	3	0.05	1.6e-05	GO:0070131 - positive regulation of mitochondrial tra...
GO:1902511	negative regulation of apoptotic DNA fra...	3	2	0.01	2.3e-05	GO:1902511 - negative regulation of apoptotic DNA fra...
GO:0044282	small molecule catabolic process	438	8	1.23	2.7e-05	GO:0044282 - small molecule catabolic process
GO:1903625	negative regulation of DNA catabolic pro...	4	2	0.01	4.6e-05	GO:1903625 - negative regulation of DNA catabolic pro...
GO:0070129	regulation of mitochondrial translation	26	3	0.07	5.1e-05	GO:0070129 - regulation of mitochondrial translation
GO:0032543	mitochondrial translation	148	5	0.41	5.8e-05	GO:0032543 - mitochondrial translation
GO:0062125	regulation of mitochondrial gene express...	30	3	0.08	8e-05	GO:0062125 - regulation of mitochondrial gene express...
GO:0044237	cellular metabolic process	11336	45	31.72	9.8e-05	GO:0044237 - cellular metabolic process
GO:0140053	mitochondrial gene expression	177	5	0.5	0.00013	GO:0140053 - mitochondrial gene expression
GO:0009062	fatty acid catabolic process	102	4	0.29	0.00019	GO:0009062 - fatty acid catabolic process
GO:0046034	ATP metabolic process	325	6	0.91	0.00028	GO:0046034 - ATP metabolic process
GO:0008152	metabolic process	12231	46	34.22	0.00035	GO:0008152 - metabolic process
GO:0070231	T cell apoptotic process	52	3	0.15	0.00042	GO:0070231 - T cell apoptotic process
GO:0072329	monocarboxylic acid catabolic process	126	4	0.35	0.00043	GO:0072329 - monocarboxylic acid catabolic process
GO:1901566	organonitrogen compound biosynthetic pro...	1862	14	5.21	0.00046	GO:1901566 - organonitrogen compound biosynthetic pro...
GO:0044242	cellular lipid catabolic process	231	5	0.65	0.00046	GO:0044242 - cellular lipid catabolic process
GO:1902510	regulation of apoptotic DNA fragmentatio...	12	2	0.03	5e-04	GO:1902510 - regulation of apoptotic DNA fragmentatio...
GO:1990403	embryonic brain development	13	2	0.04	0.00059	GO:1990403 - embryonic brain development
GO:0046395	carboxylic acid catabolic process	248	5	0.69	0.00064	GO:0046395 - carboxylic acid catabolic process
GO:0019752	carboxylic acid metabolic process	1062	10	2.97	0.00064	GO:0019752 - carboxylic acid metabolic process
GO:1903624	regulation of DNA catabolic process	14	2	0.04	0.00068	GO:1903624 - regulation of DNA catabolic process
GO:0043436	oxoacid metabolic process	1094	10	3.06	8e-04	GO:0043436 - oxoacid metabolic process
GO:0016054	organic acid catabolic process	264	5	0.74	0.00084	GO:0016054 - organic acid catabolic process
GO:0006119	oxidative phosphorylation	152	4	0.43	0.00086	GO:0006119 - oxidative phosphorylation
GO:0006082	organic acid metabolic process	1128	10	3.16	0.00101	GO:0006082 - organic acid metabolic process
GO:0001522	pseudouridine synthesis	17	2	0.05	0.00102	GO:0001522 - pseudouridine synthesis
GO:0070227	lymphocyte apoptotic process	73	3	0.2	0.00112	GO:0070227 - lymphocyte apoptotic process
GO:0006635	fatty acid beta-oxidation	74	3	0.21	0.00117	GO:0006635 - fatty acid beta-oxidation
GO:0009451	RNA modification	166	4	0.46	0.00119	GO:0009451 - RNA modification
GO:0009081	branched-chain amino acid metabolic proc...	20	2	0.06	0.00141	GO:0009081 - branched-chain amino acid metabolic proc...
GO:0009083	branched-chain amino acid catabolic proc...	20	2	0.06	0.00141	GO:0009083 - branched-chain amino acid catabolic proc...
GO:0006309	apoptotic DNA fragmentation	26	2	0.07	0.00239	GO:0006309 - apoptotic DNA fragmentation
GO:0070125	mitochondrial translational elongation	96	3	0.27	0.00246	GO:0070125 - mitochondrial translational elongation
GO:0003271	smoothened signaling pathway involved in...	1	1	0	0.0028	GO:0003271 - smoothened signaling pathway involved in...
GO:0019988	charged-tRNA amino acid modification	1	1	0	0.0028	GO:0019988 - charged-tRNA amino acid modification
GO:0071951	conversion of methionyl-tRNA to N-formyl...	1	1	0	0.0028	GO:0071951 - conversion of methionyl-tRNA to N-formyl...
GO:0090522	vesicle tethering involved in exocytosis	1	1	0	0.0028	GO:0090522 - vesicle tethering involved in exocytosis
GO:1990968	modulation by host of RNA binding by vir...	1	1	0	0.0028	GO:1990968 - modulation by host of RNA binding by vir...
GO:1990969	modulation by host of viral RNA-binding ...	1	1	0	0.0028	GO:1990969 - modulation by host of viral RNA-binding ...
GO:0019395	fatty acid oxidation	104	3	0.29	0.00309	GO:0019395 - fatty acid oxidation
GO:0042775	mitochondrial ATP synthesis coupled elec...	104	3	0.29	0.00309	GO:0042775 - mitochondrial ATP synthesis coupled elec...
GO:0042773	ATP synthesis coupled electron transport	105	3	0.29	0.00317	GO:0042773 - ATP synthesis coupled electron transport
GO:0034440	lipid oxidation	106	3	0.3	0.00326	GO:0034440 - lipid oxidation
GO:0009435	NAD biosynthetic process	31	2	0.09	0.00339	GO:0009435 - NAD biosynthetic process
GO:0016042	lipid catabolic process	367	5	1.03	0.00356	GO:0016042 - lipid catabolic process
GO:0008299	isoprenoid biosynthetic process	32	2	0.09	0.00361	GO:0008299 - isoprenoid biosynthetic process
GO:0071887	leukocyte apoptotic process	111	3	0.31	0.00371	GO:0071887 - leukocyte apoptotic process
GO:0006412	translation	719	7	2.01	0.00374	GO:0006412 - translation
GO:0019359	nicotinamide nucleotide biosynthetic pro...	34	2	0.1	0.00407	GO:0019359 - nicotinamide nucleotide biosynthetic pro...
