GO.ID	Term	Annotated	Significant	Expected	classicFisher	plot_id
GO:0005759	mitochondrial matrix	501	16	1.43	4.9e-13	GO:0005759 - mitochondrial matrix
GO:0005739	mitochondrion	1748	25	5	2.4e-12	GO:0005739 - mitochondrion
GO:0070013	intracellular organelle lumen	5482	35	15.69	1.2e-07	GO:0070013 - intracellular organelle lumen
GO:0031974	membrane-enclosed lumen	5659	35	16.2	2.8e-07	GO:0031974 - membrane-enclosed lumen
GO:0043233	organelle lumen	5659	35	16.2	2.8e-07	GO:0043233 - organelle lumen
GO:0043231	intracellular membrane-bounded organelle	12041	52	34.46	6.2e-07	GO:0043231 - intracellular membrane-bounded organelle
GO:0043229	intracellular organelle	13313	54	38.1	1.8e-06	GO:0043229 - intracellular organelle
GO:0005622	intracellular anatomical structure	15889	58	45.47	3.9e-06	GO:0005622 - intracellular anatomical structure
GO:0043227	membrane-bounded organelle	13649	53	39.06	2.7e-05	GO:0043227 - membrane-bounded organelle
GO:0043226	organelle	14883	55	42.59	5.3e-05	GO:0043226 - organelle
GO:0005740	mitochondrial envelope	818	10	2.34	9.9e-05	GO:0005740 - mitochondrial envelope
GO:0005743	mitochondrial inner membrane	526	8	1.51	0.00012	GO:0005743 - mitochondrial inner membrane
GO:0019866	organelle inner membrane	595	8	1.7	0.00028	GO:0019866 - organelle inner membrane
GO:0031967	organelle envelope	1311	12	3.75	0.00029	GO:0031967 - organelle envelope
GO:0031975	envelope	1311	12	3.75	0.00029	GO:0031975 - envelope
GO:0031966	mitochondrial membrane	775	8	2.22	0.00156	GO:0031966 - mitochondrial membrane
GO:0098798	mitochondrial protein-containing complex	298	5	0.85	0.00161	GO:0098798 - mitochondrial protein-containing complex
GO:0005848	mRNA cleavage stimulating factor complex	1	1	0	0.00286	GO:0005848 - mRNA cleavage stimulating factor complex
GO:0005849	mRNA cleavage factor complex	29	2	0.08	0.00311	GO:0005849 - mRNA cleavage factor complex
GO:0005737	cytoplasm	12631	46	36.15	0.0049	GO:0005737 - cytoplasm
GO:0000314	organellar small ribosomal subunit	37	2	0.11	0.00503	GO:0000314 - organellar small ribosomal subunit
GO:0005763	mitochondrial small ribosomal subunit	37	2	0.11	0.00503	GO:0005763 - mitochondrial small ribosomal subunit
GO:0072686	mitotic spindle	123	3	0.35	0.00528	GO:0072686 - mitotic spindle
GO:0009295	nucleoid	46	2	0.13	0.00769	GO:0009295 - nucleoid
GO:0042645	mitochondrial nucleoid	46	2	0.13	0.00769	GO:0042645 - mitochondrial nucleoid
GO:0098800	inner mitochondrial membrane protein com...	161	3	0.46	0.01104	GO:0098800 - inner mitochondrial membrane protein com...
GO:0070876	SOSS complex	5	1	0.01	0.01423	GO:0070876 - SOSS complex
GO:0005747	mitochondrial respiratory chain complex ...	67	2	0.19	0.0158	GO:0005747 - mitochondrial respiratory chain complex ...
GO:0030964	NADH dehydrogenase complex	67	2	0.19	0.0158	GO:0030964 - NADH dehydrogenase complex
GO:0045271	respiratory chain complex I	67	2	0.19	0.0158	GO:0045271 - respiratory chain complex I
GO:0035748	myelin sheath abaxonal region	6	1	0.02	0.01705	GO:0035748 - myelin sheath abaxonal region
GO:0035869	ciliary transition zone	72	2	0.21	0.0181	GO:0035869 - ciliary transition zone
GO:0031981	nuclear lumen	4420	20	12.65	0.01833	GO:0031981 - nuclear lumen
GO:0030991	intraciliary transport particle A	7	1	0.02	0.01986	GO:0030991 - intraciliary transport particle A
GO:0032584	growth cone membrane	7	1	0.02	0.01986	GO:0032584 - growth cone membrane
GO:0005758	mitochondrial intermembrane space	84	2	0.24	0.02416	GO:0005758 - mitochondrial intermembrane space
GO:0035097	histone methyltransferase complex	95	2	0.27	0.03033	GO:0035097 - histone methyltransferase complex
GO:0000313	organellar ribosome	97	2	0.28	0.03151	GO:0000313 - organellar ribosome
GO:0005761	mitochondrial ribosome	97	2	0.28	0.03151	GO:0005761 - mitochondrial ribosome
GO:0015935	small ribosomal subunit	97	2	0.28	0.03151	GO:0015935 - small ribosomal subunit
GO:0000276	mitochondrial proton-transporting ATP sy...	12	1	0.03	0.03382	GO:0000276 - mitochondrial proton-transporting ATP sy...
GO:0048188	Set1C/COMPASS complex	12	1	0.03	0.03382	GO:0048188 - Set1C/COMPASS complex
GO:0031970	organelle envelope lumen	101	2	0.29	0.03393	GO:0031970 - organelle envelope lumen
GO:0098803	respiratory chain complex	103	2	0.29	0.03517	GO:0098803 - respiratory chain complex
GO:0005746	mitochondrial respirasome	105	2	0.3	0.03642	GO:0005746 - mitochondrial respirasome
GO:0036038	MKS complex	13	1	0.04	0.03658	GO:0036038 - MKS complex
GO:0005721	pericentric heterochromatin	14	1	0.04	0.03934	GO:0005721 - pericentric heterochromatin
GO:0044666	MLL3/4 complex	14	1	0.04	0.03934	GO:0044666 - MLL3/4 complex
GO:0045263	proton-transporting ATP synthase complex...	14	1	0.04	0.03934	GO:0045263 - proton-transporting ATP synthase complex...
GO:0010369	chromocenter	15	1	0.04	0.04209	GO:0010369 - chromocenter
