GO.ID	Term	Annotated	Significant	Expected	classicFisher	plot_id
GO:0030897	HOPS complex	13	2	0.02	0.00025	GO:0030897 - HOPS complex
GO:0099023	vesicle tethering complex	80	3	0.15	0.00043	GO:0099023 - vesicle tethering complex
GO:0030119	AP-type membrane coat adaptor complex	45	2	0.08	0.00312	GO:0030119 - AP-type membrane coat adaptor complex
GO:0005745	m-AAA complex	2	1	0	0.00368	GO:0005745 - m-AAA complex
GO:0031251	PAN complex	2	1	0	0.00368	GO:0031251 - PAN complex
GO:0097598	sperm cytoplasmic droplet	2	1	0	0.00368	GO:0097598 - sperm cytoplasmic droplet
GO:0005739	mitochondrion	1748	9	3.22	0.00378	GO:0005739 - mitochondrion
GO:0005929	cilium	645	5	1.19	0.00631	GO:0005929 - cilium
GO:0005757	mitochondrial permeability transition po...	4	1	0.01	0.00735	GO:0005757 - mitochondrial permeability transition po...
GO:0035869	ciliary transition zone	72	2	0.13	0.0078	GO:0035869 - ciliary transition zone
GO:0033263	CORVET complex	5	1	0.01	0.00918	GO:0033263 - CORVET complex
GO:0030136	clathrin-coated vesicle	238	3	0.44	0.00952	GO:0030136 - clathrin-coated vesicle
GO:0043190	ATP-binding cassette (ABC) transporter c...	6	1	0.01	0.01101	GO:0043190 - ATP-binding cassette (ABC) transporter c...
GO:0001750	photoreceptor outer segment	92	2	0.17	0.01248	GO:0001750 - photoreceptor outer segment
GO:0031966	mitochondrial membrane	775	5	1.43	0.01332	GO:0031966 - mitochondrial membrane
GO:0030117	membrane coat	98	2	0.18	0.01407	GO:0030117 - membrane coat
GO:0048475	coated membrane	98	2	0.18	0.01407	GO:0048475 - coated membrane
GO:0005776	autophagosome	101	2	0.19	0.0149	GO:0005776 - autophagosome
GO:0005743	mitochondrial inner membrane	526	4	0.97	0.01558	GO:0005743 - mitochondrial inner membrane
GO:0005740	mitochondrial envelope	818	5	1.51	0.01648	GO:0005740 - mitochondrial envelope
GO:0030123	AP-3 adaptor complex	10	1	0.02	0.01828	GO:0030123 - AP-3 adaptor complex
GO:0097733	photoreceptor cell cilium	120	2	0.22	0.02061	GO:0097733 - photoreceptor cell cilium
GO:0097731	9+0 non-motile cilium	122	2	0.22	0.02125	GO:0097731 - 9+0 non-motile cilium
GO:0019866	organelle inner membrane	595	4	1.1	0.02334	GO:0019866 - organelle inner membrane
GO:0030122	AP-2 adaptor complex	13	1	0.02	0.02371	GO:0030122 - AP-2 adaptor complex
GO:0036038	MKS complex	13	1	0.02	0.02371	GO:0036038 - MKS complex
GO:0005940	septin ring	14	1	0.03	0.02551	GO:0005940 - septin ring
GO:0030128	clathrin coat of endocytic vesicle	14	1	0.03	0.02551	GO:0030128 - clathrin coat of endocytic vesicle
GO:0031105	septin complex	14	1	0.03	0.02551	GO:0031105 - septin complex
GO:0036020	endolysosome membrane	14	1	0.03	0.02551	GO:0036020 - endolysosome membrane
GO:0043020	NADPH oxidase complex	14	1	0.03	0.02551	GO:0043020 - NADPH oxidase complex
GO:0072687	meiotic spindle	14	1	0.03	0.02551	GO:0072687 - meiotic spindle
GO:0036064	ciliary basal body	135	2	0.25	0.02566	GO:0036064 - ciliary basal body
GO:0032156	septin cytoskeleton	15	1	0.03	0.0273	GO:0032156 - septin cytoskeleton
GO:0005777	peroxisome	142	2	0.26	0.02817	GO:0005777 - peroxisome
GO:0042579	microbody	142	2	0.26	0.02817	GO:0042579 - microbody
GO:0017119	Golgi transport complex	16	1	0.03	0.0291	GO:0017119 - Golgi transport complex
GO:0031314	extrinsic component of mitochondrial inn...	16	1	0.03	0.0291	GO:0031314 - extrinsic component of mitochondrial inn...
GO:0030135	coated vesicle	378	3	0.7	0.03214	GO:0030135 - coated vesicle
GO:0097730	non-motile cilium	154	2	0.28	0.0327	GO:0097730 - non-motile cilium
GO:0030132	clathrin coat of coated pit	19	1	0.04	0.03446	GO:0030132 - clathrin coat of coated pit
GO:0098533	ATPase dependent transmembrane transport...	19	1	0.04	0.03446	GO:0098533 - ATPase dependent transmembrane transport...
GO:0030992	intraciliary transport particle B	20	1	0.04	0.03624	GO:0030992 - intraciliary transport particle B
GO:0036019	endolysosome	20	1	0.04	0.03624	GO:0036019 - endolysosome
GO:0005737	cytoplasm	12631	29	23.28	0.0379	GO:0005737 - cytoplasm
GO:0031902	late endosome membrane	169	2	0.31	0.03873	GO:0031902 - late endosome membrane
GO:0098796	membrane protein complex	1400	6	2.58	0.04138	GO:0098796 - membrane protein complex
GO:0046930	pore complex	23	1	0.04	0.04157	GO:0046930 - pore complex
GO:0097225	sperm midpiece	23	1	0.04	0.04157	GO:0097225 - sperm midpiece
GO:0097228	sperm principal piece	23	1	0.04	0.04157	GO:0097228 - sperm principal piece
