GO.ID	Term	Annotated	Significant	Expected	classicFisher	plot_id
GO:0035542	regulation of SNARE complex assembly	11	2	0.02	0.00019	GO:0035542 - regulation of SNARE complex assembly
GO:0035493	SNARE complex assembly	19	2	0.04	6e-04	GO:0035493 - SNARE complex assembly
GO:0071705	nitrogen compound transport	2428	12	4.65	0.00136	GO:0071705 - nitrogen compound transport
GO:0021522	spinal cord motor neuron differentiation	32	2	0.06	0.00171	GO:0021522 - spinal cord motor neuron differentiation
GO:0071702	organic substance transport	2869	13	5.5	0.0018	GO:0071702 - organic substance transport
GO:0021956	central nervous system interneuron axono...	1	1	0	0.00192	GO:0021956 - central nervous system interneuron axono...
GO:0032889	regulation of vacuole fusion, non-autoph...	1	1	0	0.00192	GO:0032889 - regulation of vacuole fusion, non-autoph...
GO:0070483	detection of hypoxia	1	1	0	0.00192	GO:0070483 - detection of hypoxia
GO:1990390	protein K33-linked ubiquitination	1	1	0	0.00192	GO:1990390 - protein K33-linked ubiquitination
GO:2001294	malonyl-CoA catabolic process	1	1	0	0.00192	GO:2001294 - malonyl-CoA catabolic process
GO:0046907	intracellular transport	1863	10	3.57	0.00209	GO:0046907 - intracellular transport
GO:0048565	digestive tract development	139	3	0.27	0.00237	GO:0048565 - digestive tract development
GO:0006820	anion transport	3004	13	5.76	0.00274	GO:0006820 - anion transport
GO:0055123	digestive system development	151	3	0.29	0.003	GO:0055123 - digestive system development
GO:0021517	ventral spinal cord development	45	2	0.09	0.00336	GO:0021517 - ventral spinal cord development
GO:0015031	protein transport	2012	10	3.86	0.00369	GO:0015031 - protein transport
GO:0003032	detection of oxygen	2	1	0	0.00383	GO:0003032 - detection of oxygen
GO:0015880	coenzyme A transport	2	1	0	0.00383	GO:0015880 - coenzyme A transport
GO:0016561	protein import into peroxisome matrix, t...	2	1	0	0.00383	GO:0016561 - protein import into peroxisome matrix, t...
GO:0035349	coenzyme A transmembrane transport	2	1	0	0.00383	GO:0035349 - coenzyme A transmembrane transport
GO:0038154	interleukin-11-mediated signaling pathwa...	2	1	0	0.00383	GO:0038154 - interleukin-11-mediated signaling pathwa...
GO:0042144	vacuole fusion, non-autophagic	2	1	0	0.00383	GO:0042144 - vacuole fusion, non-autophagic
GO:0042704	uterine wall breakdown	2	1	0	0.00383	GO:0042704 - uterine wall breakdown
GO:0051311	meiotic metaphase plate congression	2	1	0	0.00383	GO:0051311 - meiotic metaphase plate congression
GO:0071106	adenosine 3',5'-bisphosphate transmembra...	2	1	0	0.00383	GO:0071106 - adenosine 3',5'-bisphosphate transmembra...
GO:0080121	AMP transport	2	1	0	0.00383	GO:0080121 - AMP transport
GO:0097576	vacuole fusion	2	1	0	0.00383	GO:0097576 - vacuole fusion
GO:0021915	neural tube development	166	3	0.32	0.00392	GO:0021915 - neural tube development
GO:0015833	peptide transport	2064	10	3.96	0.00443	GO:0015833 - peptide transport
GO:0021515	cell differentiation in spinal cord	52	2	0.1	0.00446	GO:0021515 - cell differentiation in spinal cord
GO:0016482	cytosolic transport	175	3	0.34	0.00454	GO:0016482 - cytosolic transport
GO:0008333	endosome to lysosome transport	53	2	0.1	0.00463	GO:0008333 - endosome to lysosome transport
GO:0008104	protein localization	2816	12	5.4	0.00483	GO:0008104 - protein localization
GO:0042886	amide transport	2098	10	4.02	0.00499	GO:0042886 - amide transport
GO:0045184	establishment of protein localization	2119	10	4.06	0.00535	GO:0045184 - establishment of protein localization
GO:0003192	mitral valve formation	3	1	0.01	0.00574	GO:0003192 - mitral valve formation
GO:0034499	late endosome to Golgi transport	3	1	0.01	0.00574	GO:0034499 - late endosome to Golgi transport
GO:0044211	CTP salvage	3	1	0.01	0.00574	GO:0044211 - CTP salvage
GO:0048213	Golgi vesicle prefusion complex stabiliz...	3	1	0.01	0.00574	GO:0048213 - Golgi vesicle prefusion complex stabiliz...
GO:1905071	tight junction disassembly	3	1	0.01	0.00574	GO:1905071 - tight junction disassembly
GO:1905073	regulation of tight junction disassembly	3	1	0.01	0.00574	GO:1905073 - regulation of tight junction disassembly
GO:1905075	positive regulation of tight junction di...	3	1	0.01	0.00574	GO:1905075 - positive regulation of tight junction di...
GO:0051641	cellular localization	3709	14	7.11	0.00642	GO:0051641 - cellular localization
GO:0009260	ribonucleotide biosynthetic process	200	3	0.38	0.00657	GO:0009260 - ribonucleotide biosynthetic process
GO:0070925	organelle assembly	894	6	1.71	0.0066	GO:0070925 - organelle assembly
GO:0046390	ribose phosphate biosynthetic process	207	3	0.4	0.00722	GO:0046390 - ribose phosphate biosynthetic process
GO:0003273	cell migration involved in endocardial c...	4	1	0.01	0.00765	GO:0003273 - cell migration involved in endocardial c...
GO:0007056	spindle assembly involved in female meio...	4	1	0.01	0.00765	GO:0007056 - spindle assembly involved in female meio...
GO:0010936	negative regulation of macrophage cytoki...	4	1	0.01	0.00765	GO:0010936 - negative regulation of macrophage cytoki...
GO:0043932	ossification involved in bone remodeling	4	1	0.01	0.00765	GO:0043932 - ossification involved in bone remodeling
