drugbank_id	name	whichFDA
DB01306	Insulin aspart	TRUE
DB01307	Insulin detemir	TRUE
DB01309	Insulin glulisine	TRUE
DB02243	4-Morpholin-4-Yl-Piperidine-1-Carboxylic Acid [1-(3-Benzenesulfonyl-1-Propyl-Allylcarbamoyl)-2-Phenylethyl]-Amide	FALSE
DB05115	NN344	FALSE
DB05120	AT1391	FALSE
DB05200	AT2220	FALSE
DB07913	HOMOPHENYLALANINYLMETHANE	FALSE
DB08699	1-tert-butyl-3-(3-methylbenzyl)-1H-pyrazolo[3,4-d]pyrimidin-4-amine	FALSE
DB08775	Benzoyl-tyrosine-alanine-fluoro-methyl ketone	FALSE
DB09129	Chromic chloride	TRUE
DB09564	Insulin degludec	TRUE
