ID	Description	GeneRatio	BgRatio	pvalue	p.adjust	qvalue	geneID	Count
R-HSA-9022692	Regulation of MECP2 expression and activity	3/28	33/10856	7.96095887926843e-05	0.0092733240902721	0.00739499528729833	AGO1/TNRC6B/CAMK2G	3
R-HSA-9006925	Intracellular signaling by second messengers	6/28	309/10856	0.000112403928366935	0.0092733240902721	0.00739499528729833	AGO1/TNRC6B/HDAC5/CAMK2G/INSR/MTA1	6
R-HSA-6807070	PTEN Regulation	4/28	140/10856	0.000426509749092005	0.0176759553026132	0.0140956581360552	AGO1/TNRC6B/HDAC5/MTA1	4
R-HSA-8986944	Transcriptional Regulation by MECP2	3/28	62/10856	0.000524900037911608	0.0176759553026132	0.0140956581360552	AGO1/TNRC6B/CAMK2G	3
R-HSA-1257604	PIP3 activates AKT signaling	5/28	267/10856	0.000535635009170098	0.0176759553026132	0.0140956581360552	AGO1/TNRC6B/HDAC5/INSR/MTA1	5
R-HSA-196299	Beta-catenin phosphorylation cascade	2/28	17/10856	0.000851842078683966	0.0200791347118363	0.0160120691481949	FRAT1/FRAT2	2
R-HSA-8934593	Regulation of RUNX1 Expression and Activity	2/28	17/10856	0.000851842078683966	0.0200791347118363	0.0160120691481949	AGO1/TNRC6B	2
R-HSA-5628897	TP53 Regulates Metabolic Genes	3/28	87/10856	0.00140904849896951	0.0290616252912461	0.0231751397856827	SESN1/AGO1/TNRC6B	3
R-HSA-429947	Deadenylation of mRNA	2/28	24/10856	0.00170955112210373	0.0313417705719017	0.0249934374576569	EIF4B/PAN2	2
R-HSA-4641262	Disassembly of the destruction complex and recruitment of AXIN to the membrane	2/28	31/10856	0.002848284285012	0.0469966907026979	0.0374774248027894	FRAT1/FRAT2	2
R-HSA-2559585	Oncogene Induced Senescence	2/28	33/10856	0.00322389978294219	0.0483584967441329	0.0385633945328014	AGO1/TNRC6B	2
