GO.ID	Term	Annotated	Significant	Expected	classicFisher	plot_id
GO:0032463	negative regulation of protein homooligo...	7	2	0.02	9.6e-05	GO:0032463 - negative regulation of protein homooligo...
GO:0044248	cellular catabolic process	2423	15	5.27	1e-04	GO:0044248 - cellular catabolic process
GO:0009056	catabolic process	2851	16	6.2	0.00018	GO:0009056 - catabolic process
GO:0032462	regulation of protein homooligomerizatio...	12	2	0.03	3e-04	GO:0032462 - regulation of protein homooligomerizatio...
GO:1901575	organic substance catabolic process	2367	14	5.15	0.00031	GO:1901575 - organic substance catabolic process
GO:0016558	protein import into peroxisome matrix	13	2	0.03	0.00036	GO:0016558 - protein import into peroxisome matrix
GO:0032460	negative regulation of protein oligomeri...	13	2	0.03	0.00036	GO:0032460 - negative regulation of protein oligomeri...
GO:0015919	peroxisomal membrane transport	18	2	0.04	0.00069	GO:0015919 - peroxisomal membrane transport
GO:0035278	miRNA mediated inhibition of translation	18	2	0.04	0.00069	GO:0035278 - miRNA mediated inhibition of translation
GO:0040033	negative regulation of translation, ncRN...	18	2	0.04	0.00069	GO:0040033 - negative regulation of translation, ncRN...
GO:0045974	regulation of translation, ncRNA-mediate...	18	2	0.04	0.00069	GO:0045974 - regulation of translation, ncRNA-mediate...
GO:0007095	mitotic G2 DNA damage checkpoint	20	2	0.04	0.00086	GO:0007095 - mitotic G2 DNA damage checkpoint
GO:1904886	beta-catenin destruction complex disasse...	22	2	0.05	0.00104	GO:1904886 - beta-catenin destruction complex disasse...
GO:0032459	regulation of protein oligomerization	30	2	0.07	0.00193	GO:0032459 - regulation of protein oligomerization
GO:0031572	G2 DNA damage checkpoint	31	2	0.07	0.00207	GO:0031572 - G2 DNA damage checkpoint
GO:0044818	mitotic G2/M transition checkpoint	31	2	0.07	0.00207	GO:0044818 - mitotic G2/M transition checkpoint
GO:0019449	L-cysteine catabolic process to hypotaur...	1	1	0	0.00218	GO:0019449 - L-cysteine catabolic process to hypotaur...
GO:0019452	L-cysteine catabolic process to taurine	1	1	0	0.00218	GO:0019452 - L-cysteine catabolic process to taurine
GO:0043181	vacuolar sequestering	1	1	0	0.00218	GO:0043181 - vacuolar sequestering
GO:0044743	protein transmembrane import into intrac...	35	2	0.08	0.00263	GO:0044743 - protein transmembrane import into intrac...
GO:0009890	negative regulation of biosynthetic proc...	1675	10	3.64	0.00263	GO:0009890 - negative regulation of biosynthetic proc...
GO:0000289	nuclear-transcribed mRNA poly(A) tail sh...	37	2	0.08	0.00293	GO:0000289 - nuclear-transcribed mRNA poly(A) tail sh...
GO:0007223	Wnt signaling pathway, calcium modulatin...	38	2	0.08	0.00309	GO:0007223 - Wnt signaling pathway, calcium modulatin...
GO:0031333	negative regulation of protein-containin...	135	3	0.29	0.00315	GO:0031333 - negative regulation of protein-containin...
GO:0032868	response to insulin	289	4	0.63	0.00352	GO:0032868 - response to insulin
GO:0044003	modulation by symbiont of host process	41	2	0.09	0.00359	GO:0044003 - modulation by symbiont of host process
GO:0002086	diaphragm contraction	2	1	0	0.00435	GO:0002086 - diaphragm contraction
GO:0002337	B-1a B cell differentiation	2	1	0	0.00435	GO:0002337 - B-1a B cell differentiation
GO:0016561	protein import into peroxisome matrix, t...	2	1	0	0.00435	GO:0016561 - protein import into peroxisome matrix, t...
GO:0019087	transformation of host cell by virus	2	1	0	0.00435	GO:0019087 - transformation of host cell by virus
GO:0042412	taurine biosynthetic process	2	1	0	0.00435	GO:0042412 - taurine biosynthetic process
GO:0046305	alkanesulfonate biosynthetic process	2	1	0	0.00435	GO:0046305 - alkanesulfonate biosynthetic process
GO:0097010	eukaryotic translation initiation factor...	2	1	0	0.00435	GO:0097010 - eukaryotic translation initiation factor...
GO:1901090	regulation of protein tetramerization	2	1	0	0.00435	GO:1901090 - regulation of protein tetramerization
GO:1901091	negative regulation of protein tetrameri...	2	1	0	0.00435	GO:1901091 - negative regulation of protein tetrameri...
GO:1901093	regulation of protein homotetramerizatio...	2	1	0	0.00435	GO:1901093 - regulation of protein homotetramerizatio...
GO:1901094	negative regulation of protein homotetra...	2	1	0	0.00435	GO:1901094 - negative regulation of protein homotetra...
GO:1902499	positive regulation of protein autoubiqu...	2	1	0	0.00435	GO:1902499 - positive regulation of protein autoubiqu...
GO:2000113	negative regulation of cellular macromol...	1528	9	3.33	0.00487	GO:2000113 - negative regulation of cellular macromol...
GO:0065002	intracellular protein transmembrane tran...	50	2	0.11	0.0053	GO:0065002 - intracellular protein transmembrane tran...
GO:0009057	macromolecule catabolic process	1550	9	3.37	0.00535	GO:0009057 - macromolecule catabolic process
GO:0044237	cellular metabolic process	11336	33	24.67	0.00559	GO:0044237 - cellular metabolic process
GO:0044265	cellular macromolecule catabolic process	1297	8	2.82	0.00618	GO:0044265 - cellular macromolecule catabolic process
GO:0010558	negative regulation of macromolecule bio...	1589	9	3.46	0.00629	GO:0010558 - negative regulation of macromolecule bio...
GO:0000023	maltose metabolic process	3	1	0.01	0.00651	GO:0000023 - maltose metabolic process
GO:0003011	involuntary skeletal muscle contraction	3	1	0.01	0.00651	GO:0003011 - involuntary skeletal muscle contraction
GO:0005985	sucrose metabolic process	3	1	0.01	0.00651	GO:0005985 - sucrose metabolic process
GO:0090501	RNA phosphodiester bond hydrolysis	178	3	0.39	0.0068	GO:0090501 - RNA phosphodiester bond hydrolysis
GO:0071806	protein transmembrane transport	61	2	0.13	0.0078	GO:0071806 - protein transmembrane transport
GO:0031327	negative regulation of cellular biosynth...	1646	9	3.58	0.00789	GO:0031327 - negative regulation of cellular biosynth...
