GO.ID	Term	Annotated	Significant	Expected	classicFisher	plot_id
GO:0043231	intracellular membrane-bounded organelle	12041	38	26.28	0.00017	GO:0043231 - intracellular membrane-bounded organelle
GO:0005622	intracellular anatomical structure	15889	43	34.68	0.00082	GO:0005622 - intracellular anatomical structure
GO:0000932	P-body	99	3	0.22	0.00132	GO:0000932 - P-body
GO:1902494	catalytic complex	1552	10	3.39	0.00159	GO:1902494 - catalytic complex
GO:0043202	lysosomal lumen	111	3	0.24	0.00183	GO:0043202 - lysosomal lumen
GO:0017122	protein N-acetylglucosaminyltransferase ...	1	1	0	0.00218	GO:0017122 - protein N-acetylglucosaminyltransferase ...
GO:0043229	intracellular organelle	13313	38	29.06	0.00275	GO:0043229 - intracellular organelle
GO:0031251	PAN complex	2	1	0	0.00436	GO:0031251 - PAN complex
GO:0097632	extrinsic component of phagophore assemb...	2	1	0	0.00436	GO:0097632 - extrinsic component of phagophore assemb...
GO:0097635	extrinsic component of autophagosome mem...	2	1	0	0.00436	GO:0097635 - extrinsic component of autophagosome mem...
GO:0031974	membrane-enclosed lumen	5659	21	12.35	0.00451	GO:0031974 - membrane-enclosed lumen
GO:0043233	organelle lumen	5659	21	12.35	0.00451	GO:0043233 - organelle lumen
GO:0043227	membrane-bounded organelle	13649	38	29.79	0.00526	GO:0043227 - membrane-bounded organelle
GO:0097629	extrinsic component of omegasome membran...	3	1	0.01	0.00653	GO:0097629 - extrinsic component of omegasome membran...
GO:0005829	cytosol	5466	20	11.93	0.00707	GO:0005829 - cytosol
GO:0070013	intracellular organelle lumen	5482	20	11.97	0.00732	GO:0070013 - intracellular organelle lumen
GO:0005741	mitochondrial outer membrane	190	3	0.41	0.00823	GO:0005741 - mitochondrial outer membrane
GO:0005778	peroxisomal membrane	64	2	0.14	0.00862	GO:0005778 - peroxisomal membrane
GO:0031903	microbody membrane	64	2	0.14	0.00862	GO:0031903 - microbody membrane
GO:0000306	extrinsic component of vacuolar membrane	4	1	0.01	0.0087	GO:0000306 - extrinsic component of vacuolar membrane
GO:1903349	omegasome membrane	4	1	0.01	0.0087	GO:1903349 - omegasome membrane
GO:0140535	intracellular protein-containing complex	833	6	1.82	0.00908	GO:0140535 - intracellular protein-containing complex
GO:0005775	vacuolar lumen	202	3	0.44	0.00972	GO:0005775 - vacuolar lumen
GO:0005899	insulin receptor complex	5	1	0.01	0.01087	GO:0005899 - insulin receptor complex
GO:0005954	calcium- and calmodulin-dependent protei...	5	1	0.01	0.01087	GO:0005954 - calcium- and calmodulin-dependent protei...
GO:1990462	omegasome	5	1	0.01	0.01087	GO:1990462 - omegasome
GO:0005844	polysome	74	2	0.16	0.01139	GO:0005844 - polysome
GO:0031968	organelle outer membrane	215	3	0.47	0.0115	GO:0031968 - organelle outer membrane
GO:0000118	histone deacetylase complex	75	2	0.16	0.01169	GO:0000118 - histone deacetylase complex
GO:0019867	outer membrane	217	3	0.47	0.01179	GO:0019867 - outer membrane
GO:0036464	cytoplasmic ribonucleoprotein granule	238	3	0.52	0.01509	GO:0036464 - cytoplasmic ribonucleoprotein granule
GO:0035770	ribonucleoprotein granule	251	3	0.55	0.01737	GO:0035770 - ribonucleoprotein granule
GO:0005634	nucleus	8050	25	17.57	0.01808	GO:0005634 - nucleus
GO:0070578	RISC-loading complex	9	1	0.02	0.01948	GO:0070578 - RISC-loading complex
GO:0070603	SWI/SNF superfamily-type complex	101	2	0.22	0.02052	GO:0070603 - SWI/SNF superfamily-type complex
GO:0031981	nuclear lumen	4420	16	9.65	0.02084	GO:0031981 - nuclear lumen
GO:1990316	Atg1/ULK1 kinase complex	10	1	0.02	0.02162	GO:1990316 - Atg1/ULK1 kinase complex
GO:0031464	Cul4A-RING E3 ubiquitin ligase complex	12	1	0.03	0.02589	GO:0031464 - Cul4A-RING E3 ubiquitin ligase complex
GO:0031932	TORC2 complex	12	1	0.03	0.02589	GO:0031932 - TORC2 complex
GO:1902911	protein kinase complex	117	2	0.26	0.02697	GO:1902911 - protein kinase complex
GO:0000974	Prp19 complex	13	1	0.03	0.02802	GO:0000974 - Prp19 complex
GO:0016281	eukaryotic translation initiation factor...	13	1	0.03	0.02802	GO:0016281 - eukaryotic translation initiation factor...
GO:0071014	post-mRNA release spliceosomal complex	13	1	0.03	0.02802	GO:0071014 - post-mRNA release spliceosomal complex
GO:0098588	bounding membrane of organelle	2368	10	5.17	0.02899	GO:0098588 - bounding membrane of organelle
GO:1904949	ATPase complex	124	2	0.27	0.03002	GO:1904949 - ATPase complex
GO:0016442	RISC complex	14	1	0.03	0.03014	GO:0016442 - RISC complex
GO:0031332	RNAi effector complex	14	1	0.03	0.03014	GO:0031332 - RNAi effector complex
GO:0032045	guanyl-nucleotide exchange factor comple...	14	1	0.03	0.03014	GO:0032045 - guanyl-nucleotide exchange factor comple...
GO:0061700	GATOR2 complex	14	1	0.03	0.03014	GO:0061700 - GATOR2 complex
GO:0140513	nuclear protein-containing complex	1396	7	3.05	0.03043	GO:0140513 - nuclear protein-containing complex
