GO.ID	Term	Annotated	Significant	Expected	classicFisher	plot_id
GO:0043226	organelle	14883	76	60.64	3.6e-05	GO:0043226 - organelle
GO:0043229	intracellular organelle	13313	71	54.24	4e-05	GO:0043229 - intracellular organelle
GO:0043231	intracellular membrane-bounded organelle	12041	66	49.06	7.8e-05	GO:0043231 - intracellular membrane-bounded organelle
GO:0032777	Piccolo NuA4 histone acetyltransferase c...	4	2	0.02	9.8e-05	GO:0032777 - Piccolo NuA4 histone acetyltransferase c...
GO:0043227	membrane-bounded organelle	13649	71	55.61	0.00013	GO:0043227 - membrane-bounded organelle
GO:0140513	nuclear protein-containing complex	1396	16	5.69	0.00014	GO:0140513 - nuclear protein-containing complex
GO:0031981	nuclear lumen	4420	33	18.01	0.00015	GO:0031981 - nuclear lumen
GO:0070013	intracellular organelle lumen	5482	38	22.34	0.00018	GO:0070013 - intracellular organelle lumen
GO:0043232	intracellular non-membrane-bounded organ...	4520	33	18.42	0.00024	GO:0043232 - intracellular non-membrane-bounded organ...
GO:0043228	non-membrane-bounded organelle	4531	33	18.46	0.00025	GO:0043228 - non-membrane-bounded organelle
GO:0031974	membrane-enclosed lumen	5659	38	23.06	0.00035	GO:0031974 - membrane-enclosed lumen
GO:0043233	organelle lumen	5659	38	23.06	0.00035	GO:0043233 - organelle lumen
GO:0005622	intracellular anatomical structure	15889	77	64.74	4e-04	GO:0005622 - intracellular anatomical structure
GO:0005654	nucleoplasm	3864	29	15.74	0.00044	GO:0005654 - nucleoplasm
GO:0032991	protein-containing complex	5755	38	23.45	0.00051	GO:0032991 - protein-containing complex
GO:0005694	chromosome	978	12	3.98	0.00059	GO:0005694 - chromosome
GO:0005739	mitochondrion	1748	17	7.12	6e-04	GO:0005739 - mitochondrion
GO:1902562	H4 histone acetyltransferase complex	44	3	0.18	0.00077	GO:1902562 - H4 histone acetyltransferase complex
GO:0005730	nucleolus	1029	12	4.19	0.00092	GO:0005730 - nucleolus
GO:0000812	Swr1 complex	14	2	0.06	0.00145	GO:0000812 - Swr1 complex
GO:0030992	intraciliary transport particle B	20	2	0.08	0.00297	GO:0030992 - intraciliary transport particle B
GO:0035267	NuA4 histone acetyltransferase complex	20	2	0.08	0.00297	GO:0035267 - NuA4 histone acetyltransferase complex
GO:0043189	H4/H2A histone acetyltransferase complex	20	2	0.08	0.00297	GO:0043189 - H4/H2A histone acetyltransferase complex
GO:0070421	DNA ligase III-XRCC1 complex	1	1	0	0.00407	GO:0070421 - DNA ligase III-XRCC1 complex
GO:0005634	nucleus	8050	45	32.8	0.00479	GO:0005634 - nucleus
GO:0030684	preribosome	86	3	0.35	0.00524	GO:0030684 - preribosome
GO:0000123	histone acetyltransferase complex	88	3	0.36	0.00558	GO:0000123 - histone acetyltransferase complex
GO:0030990	intraciliary transport particle	28	2	0.11	0.00579	GO:0030990 - intraciliary transport particle
GO:0032039	integrator complex	29	2	0.12	0.0062	GO:0032039 - integrator complex
GO:0031248	protein acetyltransferase complex	98	3	0.4	0.00751	GO:0031248 - protein acetyltransferase complex
GO:1902493	acetyltransferase complex	98	3	0.4	0.00751	GO:1902493 - acetyltransferase complex
GO:0005674	transcription factor TFIIF complex	2	1	0.01	0.00813	GO:0005674 - transcription factor TFIIF complex
GO:0032302	MutSbeta complex	2	1	0.01	0.00813	GO:0032302 - MutSbeta complex
GO:0097346	INO80-type complex	38	2	0.15	0.01049	GO:0097346 - INO80-type complex
GO:0005967	mitochondrial pyruvate dehydrogenase com...	3	1	0.01	0.01217	GO:0005967 - mitochondrial pyruvate dehydrogenase com...
GO:0030956	glutamyl-tRNA(Gln) amidotransferase comp...	3	1	0.01	0.01217	GO:0030956 - glutamyl-tRNA(Gln) amidotransferase comp...
GO:1990904	ribonucleoprotein complex	774	8	3.15	0.01351	GO:1990904 - ribonucleoprotein complex
GO:0032040	small-subunit processome	44	2	0.18	0.01389	GO:0032040 - small-subunit processome
GO:0097542	ciliary tip	46	2	0.19	0.01512	GO:0097542 - ciliary tip
GO:0031967	organelle envelope	1311	11	5.34	0.01715	GO:0031967 - organelle envelope
GO:0031975	envelope	1311	11	5.34	0.01715	GO:0031975 - envelope
GO:0001401	SAM complex	5	1	0.02	0.02021	GO:0001401 - SAM complex
GO:0031090	organelle membrane	3925	24	15.99	0.02202	GO:0031090 - organelle membrane
GO:1902494	catalytic complex	1552	12	6.32	0.02307	GO:1902494 - catalytic complex
GO:0000127	transcription factor TFIIIC complex	6	1	0.02	0.0242	GO:0000127 - transcription factor TFIIIC complex
GO:0032301	MutSalpha complex	6	1	0.02	0.0242	GO:0032301 - MutSalpha complex
GO:0098687	chromosomal region	269	4	1.1	0.02426	GO:0098687 - chromosomal region
GO:0001652	granular component	7	1	0.03	0.02818	GO:0001652 - granular component
GO:0097550	transcription preinitiation complex	7	1	0.03	0.02818	GO:0097550 - transcription preinitiation complex
GO:0000506	glycosylphosphatidylinositol-N-acetylglu...	8	1	0.03	0.03214	GO:0000506 - glycosylphosphatidylinositol-N-acetylglu...
