GO.ID	Term	Annotated	Significant	Expected	classicFisher	plot_id
GO:0090329	regulation of DNA-dependent DNA replicat...	46	4	0.2	4.3e-05	GO:0090329 - regulation of DNA-dependent DNA replicat...
GO:2000104	negative regulation of DNA-dependent DNA...	17	3	0.07	4.8e-05	GO:2000104 - negative regulation of DNA-dependent DNA...
GO:0006488	dolichol-linked oligosaccharide biosynth...	19	3	0.08	6.8e-05	GO:0006488 - dolichol-linked oligosaccharide biosynth...
GO:0006490	oligosaccharide-lipid intermediate biosy...	20	3	0.08	8e-05	GO:0006490 - oligosaccharide-lipid intermediate biosy...
GO:0000077	DNA damage checkpoint	169	6	0.72	8.3e-05	GO:0000077 - DNA damage checkpoint
GO:0031573	intra-S DNA damage checkpoint	22	3	0.09	0.00011	GO:0031573 - intra-S DNA damage checkpoint
GO:0006275	regulation of DNA replication	112	5	0.48	0.00011	GO:0006275 - regulation of DNA replication
GO:0031570	DNA integrity checkpoint	181	6	0.77	0.00012	GO:0031570 - DNA integrity checkpoint
GO:0006260	DNA replication	281	7	1.19	0.00019	GO:0006260 - DNA replication
GO:0034472	snRNA 3'-end processing	29	3	0.12	0.00025	GO:0034472 - snRNA 3'-end processing
GO:0034660	ncRNA metabolic process	528	9	2.24	4e-04	GO:0034660 - ncRNA metabolic process
GO:0008156	negative regulation of DNA replication	34	3	0.14	4e-04	GO:0008156 - negative regulation of DNA replication
GO:0016180	snRNA processing	36	3	0.15	0.00048	GO:0016180 - snRNA processing
GO:0000075	cell cycle checkpoint	245	6	1.04	0.00062	GO:0000075 - cell cycle checkpoint
GO:0016073	snRNA metabolic process	42	3	0.18	0.00075	GO:0016073 - snRNA metabolic process
GO:0044237	cellular metabolic process	11336	62	48.16	0.00103	GO:0044237 - cellular metabolic process
GO:0006259	DNA metabolic process	1002	12	4.26	0.00103	GO:0006259 - DNA metabolic process
GO:0006396	RNA processing	1022	12	4.34	0.00123	GO:0006396 - RNA processing
GO:0098781	ncRNA transcription	112	4	0.48	0.00133	GO:0098781 - ncRNA transcription
GO:0043628	ncRNA 3'-end processing	51	3	0.22	0.00133	GO:0043628 - ncRNA 3'-end processing
GO:0046483	heterocycle metabolic process	6232	40	26.48	0.00136	GO:0046483 - heterocycle metabolic process
GO:0044773	mitotic DNA damage checkpoint	113	4	0.48	0.00137	GO:0044773 - mitotic DNA damage checkpoint
GO:0006725	cellular aromatic compound metabolic pro...	6280	40	26.68	0.0016	GO:0006725 - cellular aromatic compound metabolic pro...
GO:0006139	nucleobase-containing compound metabolic...	6068	39	25.78	0.00162	GO:0006139 - nucleobase-containing compound metabolic...
GO:0033262	regulation of nuclear cell cycle DNA rep...	15	2	0.06	0.00181	GO:0033262 - regulation of nuclear cell cycle DNA rep...
GO:0044774	mitotic DNA integrity checkpoint	123	4	0.52	0.00187	GO:0044774 - mitotic DNA integrity checkpoint
GO:0034470	ncRNA processing	416	7	1.77	0.00195	GO:0034470 - ncRNA processing
GO:0090304	nucleic acid metabolic process	5522	36	23.46	0.0022	GO:0090304 - nucleic acid metabolic process
GO:0006978	DNA damage response, signal transduction...	17	2	0.07	0.00233	GO:0006978 - DNA damage response, signal transduction...
GO:0006974	cellular response to DNA damage stimulus	958	11	4.07	0.00236	GO:0006974 - cellular response to DNA damage stimulus
GO:0016254	preassembly of GPI anchor in ER membrane	18	2	0.08	0.00261	GO:0016254 - preassembly of GPI anchor in ER membrane
GO:0042772	DNA damage response, signal transduction...	18	2	0.08	0.00261	GO:0042772 - DNA damage response, signal transduction...
GO:0042770	signal transduction in response to DNA d...	137	4	0.58	0.00277	GO:0042770 - signal transduction in response to DNA d...
GO:0009411	response to UV	145	4	0.62	0.0034	GO:0009411 - response to UV
GO:1901360	organic cyclic compound metabolic proces...	6522	40	27.71	0.00348	GO:1901360 - organic cyclic compound metabolic proces...
GO:0000469	cleavage involved in rRNA processing	21	2	0.09	0.00355	GO:0000469 - cleavage involved in rRNA processing
GO:0009314	response to radiation	465	7	1.98	0.00362	GO:0009314 - response to radiation
GO:0042795	snRNA transcription by RNA polymerase II	74	3	0.31	0.00386	GO:0042795 - snRNA transcription by RNA polymerase II
GO:0000466	maturation of 5.8S rRNA from tricistroni...	22	2	0.09	0.0039	GO:0000466 - maturation of 5.8S rRNA from tricistroni...
GO:0006261	DNA-dependent DNA replication	151	4	0.64	0.00393	GO:0006261 - DNA-dependent DNA replication
GO:0010212	response to ionizing radiation	151	4	0.64	0.00393	GO:0010212 - response to ionizing radiation
GO:0009301	snRNA transcription	75	3	0.32	0.00401	GO:0009301 - snRNA transcription
GO:0006281	DNA repair	604	8	2.57	0.0041	GO:0006281 - DNA repair
GO:0048033	heme o metabolic process	1	1	0	0.00425	GO:0048033 - heme o metabolic process
GO:0048034	heme O biosynthetic process	1	1	0	0.00425	GO:0048034 - heme O biosynthetic process
GO:0061400	positive regulation of transcription fro...	1	1	0	0.00425	GO:0061400 - positive regulation of transcription fro...
GO:0070145	mitochondrial asparaginyl-tRNA aminoacyl...	1	1	0	0.00425	GO:0070145 - mitochondrial asparaginyl-tRNA aminoacyl...
GO:0072428	signal transduction involved in intra-S ...	1	1	0	0.00425	GO:0072428 - signal transduction involved in intra-S ...
GO:0072706	response to sodium dodecyl sulfate	1	1	0	0.00425	GO:0072706 - response to sodium dodecyl sulfate
GO:0072707	cellular response to sodium dodecyl sulf...	1	1	0	0.00425	GO:0072707 - cellular response to sodium dodecyl sulf...
