drugbank_id	name	whichFDA
DB00563	Methotrexate	TRUE
DB01005	Hydroxyurea	TRUE
DB01157	Trimetrexate	TRUE
DB01280	Nelarabine	TRUE
DB01700	AICA ribonucleotide	FALSE
DB02104	2,4-Diamino-5-Methyl-6-[(3,4,5-Trimethoxy-N-Methylanilino)Methyl]Pyrido[2,3-D]Pyrimidine	FALSE
DB02358	LY374571	FALSE
DB02498	Carba-nicotinamide-adenine-dinucleotide	FALSE
DB02583	N6-(2,5-Dimethoxy-Benzyl)-N6-Methyl-Pyrido[2,3-D]Pyrimidine-2,4,6-Triamine	FALSE
DB02690	NU1025	FALSE
DB02919	2,4-Diamino-6-[N-(3',4',5'-Trimethoxybenzyl)-N-Methylamino]Pyrido[2,3-D]Pyrimidine	FALSE
DB03060	Sri-9662	FALSE
DB03072	2-{3-[4-(4-Fluorophenyl)-3,6-Dihydro-1(2h)-Pyridinyl]Propyl}-8-Methyl-4(3h)-Quinazolinone	FALSE
DB03073	3-Methoxybenzamide	FALSE
DB03150	2',3'-Dideoxythymidine-5'-Monophosphate	FALSE
DB03153	3H-pyrazolo[4,3-d]pyrimidin-7-ol	FALSE
DB03195	Phosphoric Acid Mono-[3-Fluoro-5-(5-Methyl-2,4-Dioxo-3,4-Dihydro-2h-Pyrimidin-1-Yl)-Tetrahyro-Furan-2-Ylmethyl] Ester	FALSE
DB03233	3'-deoxy-3'-aminothymidine monophosphate	FALSE
DB03351	Sri-9439	FALSE
DB03442	Acid yellow 54 free acid	FALSE
DB03509	2-(4-Chlorophenyl)-5-Quinoxalinecarboxamide	FALSE
DB03593	7-methyl-5'-guanylic acid	FALSE
DB03695	Piritrexim	FALSE
DB03722	3,4-Dihydro-5-Methyl-Isoquinolinone	FALSE
DB03845	P1-(5'-Adenosyl)P5-(5'-(3'azido-3'-Deoxythymidyl))Pentaphosphate	FALSE
DB03996	3-[(5s)-1-Acetyl-3-(2-Chlorophenyl)-4,5-Dihydro-1h-Pyrazol-5-Yl]Phenol	FALSE
DB04010	2-(3'-Methoxyphenyl) Benzimidazole-4-Carboxamide	FALSE
DB04057	Beta-Dadf, Msa, Multisubstrate Adduct Inhibitor	FALSE
DB04322	LY249543	FALSE
DB04331	Monastrol	FALSE
DB04356	9-Deazaguanine	FALSE
DB04703	Hesperidin	TRUE
DB05282	MCC	FALSE
DB05420	Gallium maltolate	FALSE
DB06040	Filanesib	FALSE
DB06097	GSK-923295	FALSE
DB06358	Iclaprim	FALSE
DB06433	Tezacitabine	FALSE
DB06990	4-[(1E,7E)-8-(2,6-DIOXO-1,2,3,6-TETRAHYDROPYRIMIDIN-4-YL)-3,6-DIOXA-2,7-DIAZAOCTA-1,7-DIEN-1-YL]BENZOIC ACID	FALSE
DB07064	(4R)-4-(3-HYDROXYPHENYL)-N,N,7,8-TETRAMETHYL-3,4-DIHYDROISOQUINOLINE-2(1H)-CARBOXAMIDE	FALSE
DB07096	6-AMINO-BENZO[DE]ISOQUINOLINE-1,3-DIONE	FALSE
DB07116	1-(2-DEOXY-5-O-PHOSPHONO-BETA-D-ERYTHRO-PENTOFURANOSYL)-4-METHYL-1H-INDOLE	FALSE
DB07141	5-[(3R)-3-(5-methoxy-4'-methylbiphenyl-3-yl)but-1-yn-1-yl]-6-methylpyrimidine-2,4-diamine	FALSE
DB07144	5-[(3R)-3-(5-methoxy-2',6'-dimethylbiphenyl-3-yl)but-1-yn-1-yl]-6-methylpyrimidine-2,4-diamine	FALSE
DB07330	trans-4-(7-carbamoyl-1H-benzimidazol-2-yl)-1-propylpiperidinium	FALSE
DB07558	acetylleucyl-leucyl-norleucinal	FALSE
DB07642	5-{[1-(2-fluorobenzyl)piperidin-4-yl]methoxy}quinazoline-2,4-diamine	FALSE
DB07643	5-{[1-(2,3-dichlorobenzyl)piperidin-4-yl]methoxy}quinazoline-2,4-diamine	FALSE
DB07644	5-[(1S)-1-(3-chlorophenyl)ethoxy]quinazoline-2,4-diamine	FALSE
DB07760	3-[(1E,7E)-8-(2,6-dioxo-1,2,3,6-tetrahydropyrimidin-4-yl)-3,6-dioxa-2,7-diazaocta-1,7-dien-1-yl]benzoic acid	FALSE
DB07787	5-FLUORO-1-[4-(4-PHENYL-3,6-DIHYDROPYRIDIN-1(2H)-YL)BUTYL]QUINAZOLINE-2,4(1H,3H)-DIONE	FALSE
DB07912	2-OXOHEPTYLPHOSPHONIC ACID	FALSE
DB08032	N,N-DIETHYL-2-[(2-THIENYLCARBONYL)AMINO]-4,5,6,7-TETRAHYDRO-1-BENZOTHIOPHENE-3-CARBOXAMIDE	FALSE
DB08033	(5R)-N,N-DIETHYL-5-METHYL-2-[(THIOPHEN-2-YLCARBONYL)AMINO]-4,5,6,7-TETRAHYDRO-1-BENZOTHIOPHENE-3-CARBOXAMIDE	FALSE
DB08037	(2S)-4-(2,5-difluorophenyl)-N-[(3R,4S)-3-fluoro-1-methylpiperidin-4-yl]-2-(hydroxymethyl)-N-methyl-2-phenyl-2,5-dihydro-1H-pyrrole-1-carboxamide	FALSE
DB08198	[(4R)-4-(3-HYDROXYPHENYL)-1,6-DIMETHYL-2-THIOXO-1,2,3,4-TETRAHYDROPYRIMIDIN-5-YL](PHENYL)METHANONE	FALSE
DB08239	(2S)-4-(2,5-DIFLUOROPHENYL)-N-METHYL-2-PHENYL-N-PIPERIDIN-4-YL-2,5-DIHYDRO-1H-PYRROLE-1-CARBOXAMIDE	FALSE
DB08244	(1S)-1-CYCLOPROPYL-2-[(2S)-4-(2,5-DIFLUOROPHENYL)-2-PHENYL-2,5-DIHYDRO-1H-PYRROL-1-YL]-2-OXOETHANAMINE	FALSE
DB08246	(2S)-4-(2,5-DIFLUOROPHENYL)-N,N-DIMETHYL-2-PHENYL-2,5-DIHYDRO-1H-PYRROLE-1-CARBOXAMIDE	FALSE
DB08250	(5S)-5-(3-AMINOPROPYL)-3-(2,5-DIFLUOROPHENYL)-N-ETHYL-5-PHENYL-4,5-DIHYDRO-1H-PYRAZOLE-1-CARBOXAMIDE	FALSE
DB08406	[N-(2,4-DIAMINOPTERIDIN-6-YL)-METHYL]-DIBENZ[B,F]AZEPINE	FALSE
DB08448	(4aS)-5-[(2,4-diaminopteridin-6-yl)methyl]-4a,5-dihydro-2H-dibenzo[b,f]azepin-8-ol	FALSE
DB08642	(2R,6S)-6-{[methyl(3,4,5-trimethoxyphenyl)amino]methyl}-1,2,5,6,7,8-hexahydroquinazoline-2,4-diamine	FALSE
DB13877	Iniparib	FALSE
