GO.ID	Term	Annotated	Significant	Expected	classicFisher	plot_id
GO:0034641	cellular nitrogen compound metabolic pro...	6850	110	47.91	4.6e-28	GO:0034641 - cellular nitrogen compound metabolic pro...
GO:0006281	DNA repair	604	33	4.22	1.5e-20	GO:0006281 - DNA repair
GO:0046483	heterocycle metabolic process	6232	96	43.59	2.2e-20	GO:0046483 - heterocycle metabolic process
GO:0006259	DNA metabolic process	1002	40	7.01	5.3e-20	GO:0006259 - DNA metabolic process
GO:0006139	nucleobase-containing compound metabolic...	6068	94	42.44	7.3e-20	GO:0006139 - nucleobase-containing compound metabolic...
GO:0006725	cellular aromatic compound metabolic pro...	6280	95	43.93	2e-19	GO:0006725 - cellular aromatic compound metabolic pro...
GO:1901360	organic cyclic compound metabolic proces...	6522	96	45.62	7.5e-19	GO:1901360 - organic cyclic compound metabolic proces...
GO:0007049	cell cycle	1964	52	13.74	2.3e-18	GO:0007049 - cell cycle
GO:0006260	DNA replication	281	23	1.97	2.8e-18	GO:0006260 - DNA replication
GO:0022402	cell cycle process	1475	45	10.32	5e-18	GO:0022402 - cell cycle process
GO:0006807	nitrogen compound metabolic process	10522	119	73.6	3.3e-17	GO:0006807 - nitrogen compound metabolic process
GO:0006974	cellular response to DNA damage stimulus	958	36	6.7	4.1e-17	GO:0006974 - cellular response to DNA damage stimulus
GO:1903047	mitotic cell cycle process	926	35	6.48	1e-16	GO:1903047 - mitotic cell cycle process
GO:0033260	nuclear DNA replication	59	13	0.41	1.6e-16	GO:0033260 - nuclear DNA replication
GO:0000278	mitotic cell cycle	1078	37	7.54	2.5e-16	GO:0000278 - mitotic cell cycle
GO:0044237	cellular metabolic process	11336	122	79.29	2.7e-16	GO:0044237 - cellular metabolic process
GO:0044786	cell cycle DNA replication	64	13	0.45	5.2e-16	GO:0044786 - cell cycle DNA replication
GO:0033554	cellular response to stress	2215	50	15.49	9.1e-15	GO:0033554 - cellular response to stress
GO:0051276	chromosome organization	1308	38	9.15	2e-14	GO:0051276 - chromosome organization
GO:0044238	primary metabolic process	11072	118	77.44	2.8e-14	GO:0044238 - primary metabolic process
GO:0090304	nucleic acid metabolic process	5522	80	38.62	9.7e-14	GO:0090304 - nucleic acid metabolic process
GO:0032201	telomere maintenance via semi-conservati...	27	9	0.19	1.3e-13	GO:0032201 - telomere maintenance via semi-conservati...
GO:0006261	DNA-dependent DNA replication	151	15	1.06	1.7e-13	GO:0006261 - DNA-dependent DNA replication
GO:0071704	organic substance metabolic process	11725	120	82.01	2.8e-13	GO:0071704 - organic substance metabolic process
GO:1901796	regulation of signal transduction by p53...	198	16	1.38	6.5e-13	GO:1901796 - regulation of signal transduction by p53...
GO:0008152	metabolic process	12231	122	85.55	6.6e-13	GO:0008152 - metabolic process
GO:0051301	cell division	637	25	4.46	2.1e-12	GO:0051301 - cell division
GO:0071840	cellular component organization or bioge...	6927	88	48.45	3.8e-12	GO:0071840 - cellular component organization or bioge...
GO:0000723	telomere maintenance	174	14	1.22	2e-11	GO:0000723 - telomere maintenance
GO:0072331	signal transduction by p53 class mediato...	295	17	2.06	2.7e-11	GO:0072331 - signal transduction by p53 class mediato...
GO:0032200	telomere organization	187	14	1.31	5.4e-11	GO:0032200 - telomere organization
GO:0043170	macromolecule metabolic process	10080	107	70.5	5.9e-11	GO:0043170 - macromolecule metabolic process
GO:0007059	chromosome segregation	337	17	2.36	2.2e-10	GO:0007059 - chromosome segregation
GO:1901576	organic substance biosynthetic process	6499	81	45.46	3.1e-10	GO:1901576 - organic substance biosynthetic process
GO:0140014	mitotic nuclear division	300	16	2.1	3.4e-10	GO:0140014 - mitotic nuclear division
GO:0044249	cellular biosynthetic process	6384	80	44.65	3.5e-10	GO:0044249 - cellular biosynthetic process
GO:0006302	double-strand break repair	264	15	1.85	5.2e-10	GO:0006302 - double-strand break repair
GO:0044260	cellular macromolecule metabolic process	8681	96	60.72	6.4e-10	GO:0044260 - cellular macromolecule metabolic process
GO:0009058	biosynthetic process	6587	81	46.07	6.5e-10	GO:0009058 - biosynthetic process
GO:0044271	cellular nitrogen compound biosynthetic ...	5202	70	36.39	6.6e-10	GO:0044271 - cellular nitrogen compound biosynthetic ...
GO:0044770	cell cycle phase transition	647	22	4.53	7.8e-10	GO:0044770 - cell cycle phase transition
GO:0090329	regulation of DNA-dependent DNA replicat...	46	8	0.32	9.7e-10	GO:0090329 - regulation of DNA-dependent DNA replicat...
GO:0006271	DNA strand elongation involved in DNA re...	17	6	0.12	1.2e-09	GO:0006271 - DNA strand elongation involved in DNA re...
GO:0071103	DNA conformation change	382	17	2.67	1.5e-09	GO:0071103 - DNA conformation change
GO:0090305	nucleic acid phosphodiester bond hydroly...	342	16	2.39	2.3e-09	GO:0090305 - nucleic acid phosphodiester bond hydroly...
GO:0000731	DNA synthesis involved in DNA repair	51	8	0.36	2.3e-09	GO:0000731 - DNA synthesis involved in DNA repair
GO:0006301	postreplication repair	52	8	0.36	2.7e-09	GO:0006301 - postreplication repair
GO:0000280	nuclear division	458	18	3.2	3.4e-09	GO:0000280 - nuclear division
GO:0000724	double-strand break repair via homologou...	139	11	0.97	3.8e-09	GO:0000724 - double-strand break repair via homologou...
GO:0006310	DNA recombination	306	15	2.14	4e-09	GO:0006310 - DNA recombination
