ID	Description	GeneRatio	BgRatio	pvalue	p.adjust	qvalue	geneID	Count
R-HSA-69620	Cell Cycle Checkpoints	27/117	294/10856	4.05957219599967e-18	1.89582021553185e-15	1.1195872793178e-15	BRCA1/RFC2/NUP37/SEH1L/CDC23/CDC7/PSMA7/RBBP8/RPA3/RFC5/NUP107/MCM3/ZWINT/NUP85/PSME3/RFC3/CCNB1/DNA2/BARD1/CENPE/ITGB3BP/CCNA2/SPC25/TOPBP1/RMI1/AURKB/BLM	27
R-HSA-5685942	HDR through Homologous Recombination (HRR)	15/117	67/10856	2.65135284915686e-16	5.0903486761125e-14	3.0061340091096e-14	BRCA1/RFC2/POLD3/POLE2/RBBP8/RPA3/POLD2/RAD51AP1/RFC5/RFC3/DNA2/BARD1/TOPBP1/RMI1/BLM	15
R-HSA-5693538	Homology Directed Repair	19/117	138/10856	3.27003126945128e-16	5.0903486761125e-14	3.0061340091096e-14	BRCA1/RFC2/TIPIN/POLD3/POLE2/RBBP8/RPA3/POLD2/RAD51AP1/RFC5/TIMELESS/RFC3/DNA2/BARD1/PARP1/CCNA2/TOPBP1/RMI1/BLM	19
R-HSA-5693532	DNA Double-Strand Break Repair	20/117	167/10856	8.20684842994645e-16	9.58149554196248e-14	5.65840602275256e-14	BRCA1/RFC2/TIPIN/POLD3/POLE2/RBBP8/RPA3/POLD2/RAD51AP1/RFC5/TIMELESS/RFC3/DNA2/BARD1/PARP1/CCNA2/TOPBP1/RMI1/BLM/PRKDC	20
R-HSA-5693567	HDR through Homologous Recombination (HRR) or Single Strand Annealing (SSA)	18/117	132/10856	2.49897456627531e-15	2.33404224490114e-13	1.37838176076659e-13	BRCA1/RFC2/TIPIN/POLD3/POLE2/RBBP8/RPA3/POLD2/RAD51AP1/RFC5/TIMELESS/RFC3/DNA2/BARD1/CCNA2/TOPBP1/RMI1/BLM	18
R-HSA-73894	DNA Repair	25/117	335/10856	1.10591122566803e-14	7.76737165492656e-13	4.58706496921167e-13	BRCA1/RFC2/TIPIN/UNG/POLD3/POLE2/RBBP8/RPA3/POLD2/RAD51AP1/RFC5/TIMELESS/RFC3/ACTL6A/DNA2/BARD1/FANCI/COPS3/PARP1/CCNA2/TOPBP1/RUVBL1/RMI1/BLM/PRKDC	25
R-HSA-5693579	Homologous DNA Pairing and Strand Exchange	12/117	42/10856	1.16427412386479e-14	7.76737165492656e-13	4.58706496921167e-13	BRCA1/RFC2/RBBP8/RPA3/RAD51AP1/RFC5/RFC3/DNA2/BARD1/TOPBP1/RMI1/BLM	12
R-HSA-6804756	Regulation of TP53 Activity through Phosphorylation	15/117	92/10856	4.02261072795358e-14	2.3481990124429e-12	1.38674211937347e-12	BRCA1/RFC2/TPX2/RBBP8/RPA3/RFC5/RFC3/DNA2/BARD1/CCNA2/SSRP1/TOPBP1/RMI1/AURKB/BLM	15
R-HSA-5685938	HDR through Single Strand Annealing (SSA)	11/117	37/10856	9.54193037222049e-14	4.95120164869663e-12	2.92395995031786e-12	BRCA1/RFC2/RBBP8/RPA3/RFC5/RFC3/DNA2/BARD1/TOPBP1/RMI1/BLM	11
R-HSA-180786	Extension of Telomeres	12/117	51/10856	1.54158657683817e-13	7.19920931383425e-12	4.25153350664842e-12	RFC2/POLD3/POLA1/RPA3/POLD2/RFC5/RFC3/DNA2/SHQ1/CCNA2/RUVBL1/BLM	12
R-HSA-5693616	Presynaptic phase of homologous DNA pairing and strand exchange	11/117	39/10856	1.83713505480275e-13	7.79947336902622e-12	4.60602281682604e-12	BRCA1/RFC2/RBBP8/RPA3/RFC5/RFC3/DNA2/BARD1/TOPBP1/RMI1/BLM	11
R-HSA-69306	DNA Replication	16/117	128/10856	3.97079916288532e-13	1.54530267422287e-11	9.12587176031538e-12	RFC2/POLD3/CDC23/CDC7/POLE2/PSMA7/POLA1/RPA3/POLD2/RFC5/MCM3/PSME3/RFC3/DNA2/CCNA2/SKP2	16
R-HSA-5693607	Processing of DNA double-strand break ends	14/117	98/10856	1.97397044404113e-12	7.09110921051697e-11	4.18769438330992e-11	BRCA1/RFC2/TIPIN/RBBP8/RPA3/RFC5/TIMELESS/RFC3/DNA2/BARD1/CCNA2/TOPBP1/RMI1/BLM	14
R-HSA-69239	Synthesis of DNA	15/117	120/10856	2.26380213979614e-12	7.55139713774855e-11	4.45952000471119e-11	RFC2/POLD3/CDC23/POLE2/PSMA7/POLA1/RPA3/POLD2/RFC5/MCM3/PSME3/RFC3/DNA2/CCNA2/SKP2	15
R-HSA-69242	S Phase	16/117	162/10856	1.57385328726835e-11	4.7177656968263e-10	2.78610303745856e-10	RFC2/SMC1A/POLD3/CDC23/POLE2/PSMA7/POLA1/RPA3/POLD2/RFC5/MCM3/PSME3/RFC3/DNA2/CCNA2/SKP2	16
R-HSA-69186	Lagging Strand Synthesis	8/117	20/10856	1.61636512096833e-11	4.7177656968263e-10	2.78610303745856e-10	RFC2/POLD3/POLA1/RPA3/POLD2/RFC5/RFC3/DNA2	8
R-HSA-69481	G2/M Checkpoints	16/117	168/10856	2.74662607136337e-11	7.54514338427468e-10	4.45582681546256e-10	BRCA1/RFC2/CDC7/PSMA7/RBBP8/RPA3/RFC5/MCM3/PSME3/RFC3/CCNB1/DNA2/BARD1/TOPBP1/RMI1/BLM	16
R-HSA-69190	DNA strand elongation	9/117	32/10856	3.27421522334958e-11	8.49476949613475e-10	5.01663385098006e-10	RFC2/POLD3/POLA1/RPA3/POLD2/RFC5/MCM3/RFC3/DNA2	9
R-HSA-174417	Telomere C-strand (Lagging Strand) Synthesis	9/117	34/10856	6.01356539302994e-11	1.41249904298785e-09	8.34159245492655e-10	RFC2/POLD3/POLA1/RPA3/POLD2/RFC5/RFC3/DNA2/BLM	9
R-HSA-68882	Mitotic Anaphase	18/117	236/10856	6.0492464367788e-11	1.41249904298785e-09	8.34159245492655e-10	NDC1/SMC1A/NUP37/SEH1L/CDC23/PSMA7/NUP107/TMPO/ZWINT/NUP85/PSME3/CCNB1/CENPE/ITGB3BP/SPC25/NUP205/BANF1/AURKB	18
R-HSA-2555396	Mitotic Metaphase and Anaphase	18/117	237/10856	6.48903629389037e-11	1.44303807106991e-09	8.52194240099888e-10	NDC1/SMC1A/NUP37/SEH1L/CDC23/PSMA7/NUP107/TMPO/ZWINT/NUP85/PSME3/CCNB1/CENPE/ITGB3BP/SPC25/NUP205/BANF1/AURKB	18
R-HSA-5633007	Regulation of TP53 Activity	15/117	160/10856	1.50085187587978e-10	3.1858992092539e-09	1.88145067694021e-09	BRCA1/RFC2/TPX2/RBBP8/RPA3/RFC5/RFC3/DNA2/BARD1/CCNA2/SSRP1/TOPBP1/RMI1/AURKB/BLM	15
R-HSA-110373	Resolution of AP sites via the multiple-nucleotide patch replacement pathway	8/117	26/10856	1.89960135762472e-10	3.85701666961193e-09	2.27778286360493e-09	RFC2/POLD3/POLE2/RPA3/POLD2/RFC5/RFC3/PARP1	8
R-HSA-73933	Resolution of Abasic Sites (AP sites)	9/117	39/10856	2.32272033394355e-10	4.51962664979848e-09	2.66909091005794e-09	RFC2/UNG/POLD3/POLE2/RPA3/POLD2/RFC5/RFC3/PARP1	9
R-HSA-69473	G2/M DNA damage checkpoint	12/117	95/10856	3.57298588206424e-10	6.67433762769601e-09	3.94156758358245e-09	BRCA1/RFC2/RBBP8/RPA3/RFC5/RFC3/CCNB1/DNA2/BARD1/TOPBP1/RMI1/BLM	12
R-HSA-68886	M Phase	22/117	418/10856	5.1392906114337e-10	9.230956598229e-09	5.45139328014425e-09	NCAPD2/NDC1/SMC1A/NUP37/SEH1L/CDC23/PSMA7/NUP107/SMC4/TMPO/ZWINT/NUP85/PSME3/CCNB1/SMC2/CENPE/ITGB3BP/NCAPG2/SPC25/NUP205/BANF1/AURKB	22
R-HSA-5696399	Global Genome Nucleotide Excision Repair (GG-NER)	11/117	84/10856	1.35738252708222e-09	2.34776903758294e-08	1.38648819530425e-08	RFC2/POLD3/POLE2/RPA3/POLD2/RFC5/RFC3/ACTL6A/COPS3/PARP1/RUVBL1	11
R-HSA-5651801	PCNA-Dependent Long Patch Base Excision Repair	7/117	21/10856	1.44664472097158e-09	2.41279673104902e-08	1.42489066501712e-08	RFC2/POLD3/POLE2/RPA3/POLD2/RFC5/RFC3	7
R-HSA-157579	Telomere Maintenance	12/117	113/10856	2.74713549284005e-09	4.42383543157347e-08	2.61252086796404e-08	RFC2/POLD3/POLA1/RPA3/POLD2/RFC5/RFC3/DNA2/SHQ1/CCNA2/RUVBL1/BLM	12
R-HSA-73886	Chromosome Maintenance	13/117	141/10856	3.34798411357743e-09	5.21169527013554e-08	3.0777959219554e-08	RFC2/POLD3/POLA1/RPA3/POLD2/RFC5/RFC3/DNA2/ITGB3BP/SHQ1/CCNA2/RUVBL1/BLM	13
R-HSA-2980766	Nuclear Envelope Breakdown	9/117	52/10856	3.58733794993847e-09	5.40415104071376e-08	3.19145175851912e-08	NDC1/NUP37/SEH1L/NUP107/TMPO/NUP85/CCNB1/NUP205/BANF1	9
R-HSA-69091	Polymerase switching	6/117	14/10856	3.85558262654668e-09	5.4562335957494e-08	3.22220940400393e-08	RFC2/POLD3/POLA1/POLD2/RFC5/RFC3	6
R-HSA-69109	Leading Strand Synthesis	6/117	14/10856	3.85558262654668e-09	5.4562335957494e-08	3.22220940400393e-08	RFC2/POLD3/POLA1/POLD2/RFC5/RFC3	6
R-HSA-191859	snRNP Assembly	9/117	53/10856	4.28240819140828e-09	5.71395607253619e-08	3.37440886059841e-08	NDC1/NUP37/SEH1L/NUP107/NUP85/SNRPF/GEMIN6/NUP205/SNRPD1	9
R-HSA-194441	Metabolism of non-coding RNA	9/117	53/10856	4.28240819140828e-09	5.71395607253619e-08	3.37440886059841e-08	NDC1/NUP37/SEH1L/NUP107/NUP85/SNRPF/GEMIN6/NUP205/SNRPD1	9
R-HSA-5696397	Gap-filling DNA repair synthesis and ligation in GG-NER	7/117	25/10856	5.7711895460696e-09	7.48651532781807e-08	4.42120368733987e-08	RFC2/POLD3/POLE2/RPA3/POLD2/RFC5/RFC3	7
R-HSA-5693554	Resolution of D-loop Structures through Synthesis-Dependent Strand Annealing (SDSA)	7/117	26/10856	7.82743196039332e-09	9.87948844730724e-08	5.83438740717795e-08	BRCA1/RBBP8/RAD51AP1/DNA2/BARD1/RMI1/BLM	7
R-HSA-3108214	SUMOylation of DNA damage response and repair proteins	10/117	77/10856	8.574682604504e-09	1.0537833621851e-07	6.2231768486982e-08	BRCA1/NDC1/SMC1A/NUP37/SEH1L/NUP107/NUP85/PARP1/NUP205/BLM	10
R-HSA-5696400	Dual Incision in GG-NER	8/117	41/10856	1.01561749447252e-08	1.21613684594529e-07	7.18196446833466e-08	RFC2/POLD3/POLE2/RPA3/POLD2/RFC5/RFC3/PARP1	8
R-HSA-110314	Recognition of DNA damage by PCNA-containing replication complex	7/117	30/10856	2.33776013746594e-08	2.72933496049149e-07	1.61182409477915e-07	RFC2/POLD3/POLE2/RPA3/POLD2/RFC5/RFC3	7
R-HSA-5696398	Nucleotide Excision Repair	11/117	111/10856	2.71130921408945e-08	3.08824732434091e-07	1.8237818076802e-07	RFC2/POLD3/POLE2/RPA3/POLD2/RFC5/RFC3/ACTL6A/COPS3/PARP1/RUVBL1	11
R-HSA-68877	Mitotic Prometaphase	14/117	204/10856	3.67795131290485e-08	4.02991438119684e-07	2.3798885785497e-07	NCAPD2/SMC1A/NUP37/SEH1L/NUP107/SMC4/ZWINT/NUP85/CCNB1/SMC2/CENPE/ITGB3BP/SPC25/AURKB	14
R-HSA-68875	Mitotic Prophase	12/117	142/10856	3.72526592754171e-08	4.02991438119684e-07	2.3798885785497e-07	NDC1/NUP37/SEH1L/NUP107/SMC4/TMPO/NUP85/CCNB1/SMC2/NCAPG2/NUP205/BANF1	12
R-HSA-5656169	Termination of translesion DNA synthesis	7/117	32/10856	3.79692147264799e-08	4.02991438119684e-07	2.3798885785497e-07	RFC2/POLD3/POLE2/RPA3/POLD2/RFC5/RFC3	7
R-HSA-180910	Vpr-mediated nuclear import of PICs	7/117	33/10856	4.77648280275551e-08	4.84916841062353e-07	2.86370364833396e-07	NDC1/NUP37/SEH1L/NUP107/NUP85/NUP205/BANF1	7
R-HSA-5693568	Resolution of D-loop Structures through Holliday Junction Intermediates	7/117	33/10856	4.77648280275551e-08	4.84916841062353e-07	2.86370364833396e-07	BRCA1/RBBP8/RAD51AP1/DNA2/BARD1/RMI1/BLM	7
R-HSA-72203	Processing of Capped Intron-Containing Pre-mRNA	15/117	244/10856	5.04173371041463e-08	5.00955243141198e-07	2.95841933287488e-07	NDC1/ELAVL1/NUP37/SEH1L/NUP107/NUP85/HNRNPR/SNRPF/NUP205/SRSF2/SNRNP25/SNRPD1/LSM3/PPIH/SF3B3	15
R-HSA-5693537	Resolution of D-Loop Structures	7/117	34/10856	5.96155621456225e-08	5.80009740041786e-07	3.42528010573533e-07	BRCA1/RBBP8/RAD51AP1/DNA2/BARD1/RMI1/BLM	7
R-HSA-3301854	Nuclear Pore Complex (NPC) Disassembly	7/117	35/10856	7.38594706246246e-08	7.03925975136729e-07	4.15707439391013e-07	NDC1/NUP37/SEH1L/NUP107/NUP85/CCNB1/NUP205	7
R-HSA-176033	Interactions of Vpr with host cellular proteins	7/117	36/10856	9.08756417036908e-08	8.48778493512472e-07	5.01250907923516e-07	NDC1/NUP37/SEH1L/NUP107/NUP85/NUP205/BANF1	7
R-HSA-2995410	Nuclear Envelope (NE) Reassembly	9/117	75/10856	9.95755632580273e-08	9.11799765519583e-07	5.38468474171376e-07	NDC1/NUP37/SEH1L/NUP107/TMPO/NUP85/CCNB1/NUP205/BANF1	9
R-HSA-2500257	Resolution of Sister Chromatid Cohesion	11/117	126/10856	1.01674939168456e-07	9.13119165224407e-07	5.39247653079668e-07	SMC1A/NUP37/SEH1L/NUP107/ZWINT/NUP85/CCNB1/CENPE/ITGB3BP/SPC25/AURKB	11
R-HSA-2467813	Separation of Sister Chromatids	13/117	191/10856	1.28640608499794e-07	1.13349366357366e-06	6.69391051180656e-07	SMC1A/NUP37/SEH1L/CDC23/PSMA7/NUP107/ZWINT/NUP85/PSME3/CENPE/ITGB3BP/SPC25/AURKB	13
R-HSA-69206	G1/S Transition	11/117	131/10856	1.51774056945625e-07	1.292184420972e-06	7.63106769513499e-07	CDC7/POLE2/PSMA7/POLA1/RPA3/MCM3/PSME3/CCNB1/CCNA2/SKP2/DHFR	11
R-HSA-6784531	tRNA processing in the nucleus	8/117	57/10856	1.52184460714047e-07	1.292184420972e-06	7.63106769513499e-07	NDC1/NUP37/SEH1L/NUP107/RPP40/NUP85/NUP205/POP7	8
R-HSA-110313	Translesion synthesis by Y family DNA polymerases bypasses lesions on DNA template	7/117	39/10856	1.63033357289477e-07	1.35958174739617e-06	8.02908639282763e-07	RFC2/POLD3/POLE2/RPA3/POLD2/RFC5/RFC3	7
R-HSA-69166	Removal of the Flap Intermediate	5/117	14/10856	2.47228174183379e-07	2.02553609374804e-06	1.1961917199639e-06	POLD3/POLA1/RPA3/POLD2/DNA2	5
R-HSA-174411	Polymerase switching on the C-strand of the telomere	6/117	26/10856	2.65987740843412e-07	2.14165991334264e-06	1.26476929402856e-06	RFC2/POLD3/POLA1/POLD2/RFC5/RFC3	6
R-HSA-9615933	Postmitotic nuclear pore complex (NPC) reformation	6/117	27/10856	3.38991839271508e-07	2.67146332478788e-06	1.57764767518185e-06	NDC1/NUP37/SEH1L/NUP107/NUP85/NUP205	6
R-HSA-3700989	Transcriptional Regulation by TP53	17/117	365/10856	3.43228692692234e-07	2.67146332478788e-06	1.57764767518185e-06	BRCA1/RFC2/TPX2/RBBP8/RPA3/RFC5/RFC3/CCNB1/DNA2/BARD1/FANCI/CCNA2/SSRP1/TOPBP1/RMI1/AURKB/BLM	17
R-HSA-69618	Mitotic Spindle Checkpoint	10/117	113/10856	3.50855057596026e-07	2.68605429339908e-06	1.58626445366969e-06	NUP37/SEH1L/CDC23/NUP107/ZWINT/NUP85/CENPE/ITGB3BP/SPC25/AURKB	10
R-HSA-69183	Processive synthesis on the lagging strand	5/117	15/10856	3.67657426507897e-07	2.76929061579335e-06	1.63542013149523e-06	POLD3/POLA1/RPA3/POLD2/DNA2	5
R-HSA-4615885	SUMOylation of DNA replication proteins	7/117	45/10856	4.56021947713096e-07	3.3803531679685e-06	1.99628655473402e-06	NDC1/NUP37/SEH1L/NUP107/NUP85/NUP205/AURKB	7
R-HSA-453279	Mitotic G1 phase and G1/S transition	11/117	149/10856	5.61002904587697e-07	4.09356806941335e-06	2.41747962174304e-06	CDC7/POLE2/PSMA7/POLA1/RPA3/MCM3/PSME3/CCNB1/CCNA2/SKP2/DHFR	11
R-HSA-73884	Base Excision Repair	9/117	92/10856	5.91131911609956e-07	4.24705542648999e-06	2.50812244278232e-06	RFC2/UNG/POLD3/POLE2/RPA3/POLD2/RFC5/RFC3/PARP1	9
R-HSA-73893	DNA Damage Bypass	7/117	48/10856	7.20432851632589e-07	5.09760820776392e-06	3.01042116631161e-06	RFC2/POLD3/POLE2/RPA3/POLD2/RFC5/RFC3	7
R-HSA-2990846	SUMOylation	12/117	188/10856	8.04232338640655e-07	5.35453655286281e-06	3.16215164397623e-06	BRCA1/NDC1/SMC1A/NUP37/SEH1L/NUP107/NUP85/SAE1/PARP1/NUP205/AURKB/BLM	12
R-HSA-168271	Transport of Ribonucleoproteins into the Host Nucleus	6/117	31/10856	8.14073009107622e-07	5.35453655286281e-06	3.16215164397623e-06	NDC1/NUP37/SEH1L/NUP107/NUP85/NUP205	6
R-HSA-168333	NEP/NS2 Interacts with the Cellular Export Machinery	6/117	31/10856	8.14073009107622e-07	5.35453655286281e-06	3.16215164397623e-06	NDC1/NUP37/SEH1L/NUP107/NUP85/NUP205	6
R-HSA-170822	Regulation of Glucokinase by Glucokinase Regulatory Protein	6/117	31/10856	8.14073009107622e-07	5.35453655286281e-06	3.16215164397623e-06	NDC1/NUP37/SEH1L/NUP107/NUP85/NUP205	6
R-HSA-5619107	Defective TPR may confer susceptibility towards thyroid papillary carcinoma (TPC)	6/117	31/10856	8.14073009107622e-07	5.35453655286281e-06	3.16215164397623e-06	NDC1/NUP37/SEH1L/NUP107/NUP85/NUP205	6
R-HSA-141424	Amplification of signal from the kinetochores	9/117	96/10856	8.51051853728511e-07	5.44440021494815e-06	3.21522113448983e-06	NUP37/SEH1L/NUP107/ZWINT/NUP85/CENPE/ITGB3BP/SPC25/AURKB	9
R-HSA-141444	Amplification  of signal from unattached  kinetochores via a MAD2  inhibitory signal	9/117	96/10856	8.51051853728511e-07	5.44440021494815e-06	3.21522113448983e-06	NUP37/SEH1L/NUP107/ZWINT/NUP85/CENPE/ITGB3BP/SPC25/AURKB	9
R-HSA-168274	Export of Viral Ribonucleoproteins from Nucleus	6/117	33/10856	1.20326478622437e-06	7.40148719357439e-06	4.37098984495997e-06	NDC1/NUP37/SEH1L/NUP107/NUP85/NUP205	6
R-HSA-180746	Nuclear import of Rev protein	6/117	33/10856	1.20326478622437e-06	7.40148719357439e-06	4.37098984495997e-06	NDC1/NUP37/SEH1L/NUP107/NUP85/NUP205	6
R-HSA-15869	Metabolism of nucleotides	9/117	100/10856	1.20452468246607e-06	7.40148719357439e-06	4.37098984495997e-06	CAD/UMPS/NUDT15/ATIC/HPRT1/RRM1/DTYMK/PFAS/DCTPP1	9
R-HSA-174414	Processive synthesis on the C-strand of the telomere	5/117	19/10856	1.37535904931005e-06	8.34146332503631e-06	4.92609803033813e-06	POLD3/RPA3/POLD2/DNA2/BLM	5
R-HSA-159227	Transport of the SLBP independent Mature mRNA	6/117	34/10856	1.44833247709839e-06	8.45464083506184e-06	4.99293564473391e-06	NDC1/NUP37/SEH1L/NUP107/NUP85/NUP205	6
R-HSA-165054	Rev-mediated nuclear export of HIV RNA	6/117	34/10856	1.44833247709839e-06	8.45464083506184e-06	4.99293564473391e-06	NDC1/NUP37/SEH1L/NUP107/NUP85/NUP205	6
R-HSA-4085377	SUMOylation of SUMOylation proteins	6/117	34/10856	1.44833247709839e-06	8.45464083506184e-06	4.99293564473391e-06	NDC1/NUP37/SEH1L/NUP107/NUP85/NUP205	6
R-HSA-159230	Transport of the SLBP Dependant Mature mRNA	6/117	35/10856	1.73270620257571e-06	9.98979995805998e-06	5.89953248960152e-06	NDC1/NUP37/SEH1L/NUP107/NUP85/NUP205	6
R-HSA-6781827	Transcription-Coupled Nucleotide Excision Repair (TC-NER)	8/117	79/10856	1.97319795117732e-06	1.12376029658513e-05	6.63642956621896e-06	RFC2/POLD3/POLE2/RPA3/POLD2/RFC5/RFC3/COPS3	8
R-HSA-177243	Interactions of Rev with host cellular proteins	6/117	36/10856	2.06107231475013e-06	1.15966357950399e-05	6.84845842060284e-06	NDC1/NUP37/SEH1L/NUP107/NUP85/NUP205	6
R-HSA-176187	Activation of ATR in response to replication stress	6/117	37/10856	2.43848873902395e-06	1.35568362038593e-05	8.00606578476535e-06	RFC2/CDC7/RPA3/RFC5/MCM3/RFC3	6
R-HSA-3232142	SUMOylation of ubiquitinylation proteins	6/117	38/10856	2.87039925995815e-06	1.57703112282407e-05	9.31324589608713e-06	NDC1/NUP37/SEH1L/NUP107/NUP85/NUP205	6
R-HSA-168276	NS1 Mediated Effects on Host Pathways	6/117	40/10856	3.92149131289946e-06	2.11140442094358e-05	1.24690174301188e-05	NDC1/NUP37/SEH1L/NUP107/NUP85/NUP205	6
R-HSA-2514853	Condensation of Prometaphase Chromosomes	4/117	11/10856	3.98943748194542e-06	2.11140442094358e-05	1.24690174301188e-05	NCAPD2/SMC4/CCNB1/SMC2	4
R-HSA-3108232	SUMO E3 ligases SUMOylate target proteins	11/117	182/10856	4.03465013160707e-06	2.11140442094358e-05	1.24690174301188e-05	BRCA1/NDC1/SMC1A/NUP37/SEH1L/NUP107/NUP85/PARP1/NUP205/AURKB/BLM	11
R-HSA-5368286	Mitochondrial translation initiation	8/117	87/10856	4.11429983524339e-06	2.11140442094358e-05	1.24690174301188e-05	MRPL3/MRPL19/MRPS15/MRPL15/MRPL39/MRPL17/MRPL58/MRPL11	8
R-HSA-5389840	Mitochondrial translation elongation	8/117	87/10856	4.11429983524339e-06	2.11140442094358e-05	1.24690174301188e-05	MRPL3/MRPL19/MRPS15/MRPL15/MRPL39/MRPL17/MRPL58/MRPL11	8
R-HSA-5419276	Mitochondrial translation termination	8/117	87/10856	4.11429983524339e-06	2.11140442094358e-05	1.24690174301188e-05	MRPL3/MRPL19/MRPS15/MRPL15/MRPL39/MRPL17/MRPL58/MRPL11	8
R-HSA-9648025	EML4 and NUDC in mitotic spindle formation	9/117	117/10856	4.48868923078221e-06	2.27849768562532e-05	1.34557960922762e-05	NUP37/SEH1L/NUP107/ZWINT/NUP85/CENPE/ITGB3BP/SPC25/AURKB	9
R-HSA-159231	Transport of Mature mRNA Derived from an Intronless Transcript	6/117	41/10856	4.55361534961242e-06	2.28660039598817e-05	1.35036471035479e-05	NDC1/NUP37/SEH1L/NUP107/NUP85/NUP205	6
R-HSA-159234	Transport of Mature mRNAs Derived from Intronless Transcripts	6/117	42/10856	5.2661454858635e-06	2.61626589563644e-05	1.54505052328806e-05	NDC1/NUP37/SEH1L/NUP107/NUP85/NUP205	6
R-HSA-6782210	Gap-filling DNA repair synthesis and ligation in TC-NER	7/117	65/10856	5.8572851694982e-06	2.87931807805859e-05	1.70039746748867e-05	RFC2/POLD3/POLE2/RPA3/POLD2/RFC5/RFC3	7
R-HSA-168325	Viral Messenger RNA Synthesis	6/117	43/10856	6.06666138874317e-06	2.95117798806569e-05	1.74283474106438e-05	NDC1/NUP37/SEH1L/NUP107/NUP85/NUP205	6
R-HSA-6782135	Dual incision in TC-NER	7/117	66/10856	6.49431726671719e-06	3.12664552944013e-05	1.84645808342909e-05	RFC2/POLD3/POLE2/RPA3/POLD2/RFC5/RFC3	7
R-HSA-5368287	Mitochondrial translation	8/117	93/10856	6.79599947407842e-06	3.23850179019859e-05	1.9125154266472e-05	MRPL3/MRPL19/MRPS15/MRPL15/MRPL39/MRPL17/MRPL58/MRPL11	8
R-HSA-3371453	Regulation of HSF1-mediated heat shock response	7/117	69/10856	8.76054152144743e-06	4.13249786920803e-05	2.44046983372592e-05	NDC1/NUP37/SEH1L/RPA3/NUP107/NUP85/NUP205	7
R-HSA-4570464	SUMOylation of RNA binding proteins	6/117	47/10856	1.03167711265361e-05	4.81793211609237e-05	2.84525687910786e-05	NDC1/NUP37/SEH1L/NUP107/NUP85/NUP205	6
R-HSA-162909	Host Interactions of HIV factors	9/117	130/10856	1.06469631492118e-05	4.9229027630514e-05	2.90724788441219e-05	NDC1/NUP37/SEH1L/PSMA7/NUP107/NUP85/PSME3/NUP205/BANF1	9
R-HSA-159236	Transport of Mature mRNA derived from an Intron-Containing Transcript	7/117	75/10856	1.52811896385685e-05	6.9963878051093e-05	4.1317561251857e-05	NDC1/NUP37/SEH1L/NUP107/NUP85/NUP205/SRSF2	7
R-HSA-8956320	Nucleobase biosynthesis	4/117	15/10856	1.59599999227638e-05	7.23623297468998e-05	4.2733980375719e-05	CAD/UMPS/ATIC/PFAS	4
R-HSA-72306	tRNA processing	8/117	107/10856	1.91923476427883e-05	8.60954413884484e-05	5.08441466105567e-05	NDC1/NUP37/SEH1L/NUP107/RPP40/NUP85/NUP205/POP7	8
R-HSA-5663220	RHO GTPases Activate Formins	9/117	140/10856	1.93576474213856e-05	8.60954413884484e-05	5.08441466105567e-05	NUP37/SEH1L/NUP107/ZWINT/NUP85/CENPE/ITGB3BP/SPC25/AURKB	9
R-HSA-110312	Translesion synthesis by REV1	4/117	16/10856	2.11032723853236e-05	9.29738509806238e-05	5.49062300392729e-05	RFC2/RPA3/RFC5/RFC3	4
R-HSA-1169410	Antiviral mechanism by IFN-stimulated genes	7/117	80/10856	2.33968102815537e-05	0.000102115050481174	6.03046167611124e-05	NDC1/NUP37/SEH1L/NUP107/NUP85/NUP205/ABCE1	7
R-HSA-68962	Activation of the pre-replicative complex	5/117	33/10856	2.48851185213091e-05	0.000107605095828253	6.35467938848245e-05	CDC7/POLE2/POLA1/RPA3/MCM3	5
R-HSA-174437	Removal of the Flap Intermediate from the C-strand	4/117	17/10856	2.73674658234024e-05	0.000115140599455215	6.79969278874483e-05	POLD3/RPA3/POLD2/DNA2	4
R-HSA-5655862	Translesion synthesis by POLK	4/117	17/10856	2.73674658234024e-05	0.000115140599455215	6.79969278874483e-05	RFC2/RPA3/RFC5/RFC3	4
R-HSA-5656121	Translesion synthesis by POLI	4/117	17/10856	2.73674658234024e-05	0.000115140599455215	6.79969278874483e-05	RFC2/RPA3/RFC5/RFC3	4
R-HSA-72202	Transport of Mature Transcript to Cytoplasm	7/117	84/10856	3.21970973609552e-05	0.00013425039703184	7.9282326208367e-05	NDC1/NUP37/SEH1L/NUP107/NUP85/NUP205/SRSF2	7
R-HSA-69002	DNA Replication Pre-Initiation	7/117	85/10856	3.47770003129183e-05	0.000143724417222414	8.4877262058543e-05	CDC7/POLE2/PSMA7/POLA1/RPA3/MCM3/PSME3	7
R-HSA-174143	APC/C-mediated degradation of cell cycle proteins	7/117	88/10856	4.35557557293003e-05	0.000176466309529504	0.000104213170509929	CDC23/PSMA7/PSME3/CCNB1/CCNA2/SKP2/AURKB	7
R-HSA-453276	Regulation of mitotic cell cycle	7/117	88/10856	4.35557557293003e-05	0.000176466309529504	0.000104213170509929	CDC23/PSMA7/PSME3/CCNB1/CCNA2/SKP2/AURKB	7
R-HSA-110320	Translesion Synthesis by POLH	4/117	19/10856	4.3833173245016e-05	0.000176466309529504	0.000104213170509929	RFC2/RPA3/RFC5/RFC3	4
R-HSA-3371556	Cellular response to heat stress	7/117	89/10856	4.68569561725594e-05	0.000187027337885344	0.000110450045139096	NDC1/NUP37/SEH1L/RPA3/NUP107/NUP85/NUP205	7
R-HSA-4551638	SUMOylation of chromatin organization proteins	6/117	71/10856	0.000111528726104465	0.000437679958746095	0.000258474358596815	NDC1/NUP37/SEH1L/NUP107/NUP85/NUP205	6
R-HSA-70171	Glycolysis	6/117	71/10856	0.000111528726104465	0.000437679958746095	0.000258474358596815	NDC1/NUP37/SEH1L/NUP107/NUP85/NUP205	6
R-HSA-1169408	ISG15 antiviral mechanism	6/117	72/10856	0.000120608853726305	0.000469369455751538	0.000277188769090281	NDC1/NUP37/SEH1L/NUP107/NUP85/NUP205	6
R-HSA-162906	HIV Infection	10/117	234/10856	0.000212118541428025	0.000818672387164363	0.000483471577678492	NDC1/NUP37/SEH1L/PSMA7/NUP107/NUP85/PSME3/SSRP1/NUP205/BANF1	10
R-HSA-72172	mRNA Splicing	9/117	191/10856	0.000215369589215385	0.000824406542324465	0.000486857915223734	ELAVL1/HNRNPR/SNRPF/SRSF2/SNRNP25/SNRPD1/LSM3/PPIH/SF3B3	9
R-HSA-162587	HIV Life Cycle	8/117	152/10856	0.000230905673080209	0.000871891783375345	0.000514900591106368	NDC1/NUP37/SEH1L/NUP107/NUP85/SSRP1/NUP205/BANF1	8
R-HSA-72165	mRNA Splicing - Minor Pathway	5/117	52/10856	0.000231508739054695	0.000871891783375345	0.000514900591106368	SNRPF/SRSF2/SNRNP25/SNRPD1/SF3B3	5
R-HSA-5358565	Mismatch repair (MMR) directed by MSH2:MSH6 (MutSalpha)	3/117	14/10856	0.00040724573161828	0.00150939489417251	0.000891381634786878	POLD3/RPA3/POLD2	3
R-HSA-5358606	Mismatch repair (MMR) directed by MSH2:MSH3 (MutSbeta)	3/117	14/10856	0.00040724573161828	0.00150939489417251	0.000891381634786878	POLD3/RPA3/POLD2	3
R-HSA-69052	Switching of origins to a post-replicative state	6/117	91/10856	0.000435915023494	0.00159040871852889	0.000939224803909769	CDC23/PSMA7/MCM3/PSME3/CCNA2/SKP2	6
R-HSA-70326	Glucose metabolism	6/117	91/10856	0.000435915023494	0.00159040871852889	0.000939224803909769	NDC1/NUP37/SEH1L/NUP107/NUP85/NUP205	6
R-HSA-5358508	Mismatch Repair	3/117	15/10856	0.000505067164542159	0.00182842144062937	0.00107978455414154	POLD3/RPA3/POLD2	3
R-HSA-5619115	Disorders of transmembrane transporters	8/117	175/10856	0.000595494146913831	0.00213919820468276	0.00126331551814918	NDC1/NUP37/SEH1L/PSMA7/NUP107/NUP85/PSME3/NUP205	8
R-HSA-429958	mRNA decay by 3' to 5' exoribonuclease	3/117	16/10856	0.000616751139655276	0.00219864719251156	0.00129842345190584	DCPS/EXOSC8/EXOSC9	3
R-HSA-168273	Influenza Viral RNA Transcription and Replication	7/117	135/10856	0.000626840379182366	0.00221768528089519	0.00130966650195997	NDC1/NUP37/SEH1L/NUP107/NUP85/PARP1/NUP205	7
R-HSA-5619102	SLC transporter disorders	6/117	98/10856	0.000647651038381209	0.00227408296935357	0.00134297247373072	NDC1/NUP37/SEH1L/NUP107/NUP85/NUP205	6
R-HSA-5696394	DNA Damage Recognition in GG-NER	4/117	38/10856	0.000712866312876896	0.00248439229935455	0.00146717183011584	ACTL6A/COPS3/PARP1/RUVBL1	4
R-HSA-162599	Late Phase of HIV Life Cycle	7/117	139/10856	0.000745779573118828	0.00257984489367772	0.00152354189596205	NDC1/NUP37/SEH1L/NUP107/NUP85/SSRP1/NUP205	7
R-HSA-72163	mRNA Splicing - Major Pathway	8/117	183/10856	0.000798723847190843	0.0027426767399862	0.0016197031576161	ELAVL1/HNRNPR/SNRPF/SRSF2/SNRPD1/LSM3/PPIH/SF3B3	8
R-HSA-5578749	Transcriptional regulation by small RNAs	6/117	106/10856	0.000979000846661083	0.00333633047811137	0.00197028870791204	NDC1/NUP37/SEH1L/NUP107/NUP85/NUP205	6
R-HSA-68949	Orc1 removal from chromatin	5/117	71/10856	0.000985896372546828	0.00333633047811137	0.00197028870791204	PSMA7/MCM3/PSME3/CCNA2/SKP2	5
R-HSA-2995383	Initiation of Nuclear Envelope (NE) Reformation	3/117	19/10856	0.00104233668077736	0.00350195129441028	0.00206809701146285	TMPO/CCNB1/BANF1	3
R-HSA-72766	Translation	10/117	291/10856	0.0011683598150045	0.00389731452576501	0.00230158098895623	MRPL3/MRPL19/MRPS15/NARS2/MRPL15/MRPL39/MRPL17/APEH/MRPL58/MRPL11	10
R-HSA-174178	APC/C:Cdh1 mediated degradation of Cdc20 and other APC/C:Cdh1 targeted proteins in late mitosis/early G1	5/117	74/10856	0.00118897308094652	0.00393794630356044	0.00232557631360946	CDC23/PSMA7/PSME3/SKP2/AURKB	5
R-HSA-176409	APC/C:Cdc20 mediated degradation of mitotic proteins	5/117	76/10856	0.00134055725021576	0.00440873405528704	0.00260360266535604	CDC23/PSMA7/PSME3/CCNB1/CCNA2	5
R-HSA-176814	Activation of APC/C and APC/C:Cdc20 mediated degradation of mitotic proteins	5/117	77/10856	0.00142148475378729	0.00464219146866199	0.00274147225242746	CDC23/PSMA7/PSME3/CCNB1/CCNA2	5
R-HSA-168255	Influenza Infection	7/117	156/10856	0.00146453981066919	0.00474958396932298	0.00280489349704186	NDC1/NUP37/SEH1L/NUP107/NUP85/PARP1/NUP205	7
R-HSA-9610379	HCMV Late Events	6/117	116/10856	0.00156107403687756	0.0050277350015298	0.00296915715181068	NDC1/NUP37/SEH1L/NUP107/NUP85/NUP205	6
R-HSA-176408	Regulation of APC/C activators between G1/S and early anaphase	5/117	81/10856	0.00178160649785597	0.00569870023629273	0.00336539944079499	CDC23/PSMA7/PSME3/CCNB1/CCNA2	5
R-HSA-171319	Telomere Extension By Telomerase	3/117	23/10856	0.00184618572365392	0.00586509342140395	0.0034636638710872	SHQ1/CCNA2/RUVBL1	3
R-HSA-450531	Regulation of mRNA stability by proteins that bind AU-rich elements	5/117	88/10856	0.00256659684761293	0.00809865356645431	0.00478270536326165	ELAVL1/PSMA7/EXOSC8/EXOSC9/PSME3	5
R-HSA-429914	Deadenylation-dependent mRNA decay	4/117	55/10856	0.00286207935607735	0.00897040979388002	0.00529752590104038	DCPS/EXOSC8/EXOSC9/LSM3	4
R-HSA-9609690	HCMV Early Events	6/117	135/10856	0.00335159142174361	0.0104346212930284	0.00616222422804789	NDC1/NUP37/SEH1L/NUP107/NUP85/NUP205	6
R-HSA-983189	Kinesins	4/117	59/10856	0.0036955734011755	0.0114010646873534	0.00673296280420736	KIF22/KIF11/KIF20B/CENPE	4
R-HSA-6791226	Major pathway of rRNA processing in the nucleolus and cytosol	7/117	184/10856	0.00371376405969787	0.0114010646873534	0.00673296280420736	WDR3/EXOSC8/EXOSC9/RPP40/EMG1/WDR12/UTP11	7
R-HSA-211000	Gene Silencing by RNA	6/117	138/10856	0.00373525245645626	0.0114010646873534	0.00673296280420736	NDC1/NUP37/SEH1L/NUP107/NUP85/NUP205	6
R-HSA-187577	SCF(Skp2)-mediated degradation of p27/p21	4/117	60/10856	0.00392709277945361	0.0119087813506808	0.00703279773217257	PSMA7/PSME3/CCNA2/SKP2	4
R-HSA-499943	Interconversion of nucleotide di- and triphosphates	3/117	30/10856	0.00400680654910181	0.0120721203769713	0.00712925851181442	RRM1/DTYMK/DCTPP1	3
R-HSA-5689603	UCH proteinases	5/117	102/10856	0.00484541613121342	0.0145051880338248	0.00856612028595084	PSMA7/PSME3/ACTL6A/BARD1/RUVBL1	5
R-HSA-5685939	HDR through MMEJ (alt-NHEJ)	2/117	10/10856	0.00489778724954433	0.0145685773601096	0.00860355520872017	RBBP8/PARP1	2
R-HSA-8868773	rRNA processing in the nucleus and cytosol	7/117	194/10856	0.00495716040300618	0.0146518601785056	0.00865273834502078	WDR3/EXOSC8/EXOSC9/RPP40/EMG1/WDR12/UTP11	7
R-HSA-913531	Interferon Signaling	7/117	199/10856	0.00568559390616052	0.0166991971960815	0.00986180472303249	NDC1/NUP37/SEH1L/NUP107/NUP85/NUP205/ABCE1	7
R-HSA-8953750	Transcriptional Regulation by E2F6	3/117	35/10856	0.00621216770520276	0.0181317644895606	0.0107078153865995	BRCA1/CDC7/RBBP8	3
R-HSA-72312	rRNA processing	7/117	204/10856	0.00649158780773054	0.0188296366845352	0.0111199477321046	WDR3/EXOSC8/EXOSC9/RPP40/EMG1/WDR12/UTP11	7
R-HSA-73817	Purine ribonucleoside monophosphate biosynthesis	2/117	12/10856	0.0070830078269132	0.020293034694285	0.0119841656483775	ATIC/PFAS	2
R-HSA-9675135	Diseases of DNA repair	2/117	12/10856	0.0070830078269132	0.020293034694285	0.0119841656483775	BRCA1/BARD1	2
R-HSA-9609646	HCMV Infection	6/117	160/10856	0.00761840348488625	0.0216938684600115	0.0128114358988459	NDC1/NUP37/SEH1L/NUP107/NUP85/NUP205	6
R-HSA-174184	Cdc20:Phospho-APC/C mediated degradation of Cyclin A	4/117	73/10856	0.00787811518383344	0.022163131270182	0.0130885616877892	CDC23/PSMA7/PSME3/CCNA2	4
R-HSA-69017	CDK-mediated phosphorylation and removal of Cdc6	4/117	73/10856	0.00787811518383344	0.022163131270182	0.0130885616877892	CDC23/PSMA7/PSME3/CCNA2	4
R-HSA-179419	APC:Cdc20 mediated degradation of cell cycle proteins prior to satisfation of the cell cycle checkpoint	4/117	74/10856	0.00826035187542697	0.0229618114632404	0.013560226762919	CDC23/PSMA7/PSME3/CCNA2	4
R-HSA-2299718	Condensation of Prophase Chromosomes	4/117	74/10856	0.00826035187542697	0.0229618114632404	0.013560226762919	SMC4/CCNB1/SMC2/NCAPG2	4
R-HSA-195258	RHO GTPase Effectors	9/117	327/10856	0.00875188693071222	0.0241842082641574	0.0142821200613304	NUP37/SEH1L/NUP107/ZWINT/NUP85/CENPE/ITGB3BP/SPC25/AURKB	9
R-HSA-1500620	Meiosis	5/117	118/10856	0.00888986932898386	0.0244209939802086	0.0144219551962463	BRCA1/SMC1A/RBBP8/RPA3/BLM	5
R-HSA-4419969	Depolymerisation of the Nuclear Lamina	2/117	15/10856	0.0110334669402055	0.0301323336905028	0.0177948189494235	TMPO/CCNB1	2
R-HSA-69202	Cyclin E associated events during G1/S transition 	4/117	83/10856	0.0122562371236671	0.0332771089346078	0.0196519836377037	PSMA7/PSME3/CCNA2/SKP2	4
R-HSA-69656	Cyclin A:Cdk2-associated events at S phase entry	4/117	85/10856	0.0132858967481485	0.0358642415108979	0.0211798293155759	PSMA7/PSME3/CCNA2/SKP2	4
R-HSA-912446	Meiotic recombination	4/117	86/10856	0.0138207805510392	0.0369718094986894	0.0218339098132686	BRCA1/RBBP8/RPA3/BLM	4
R-HSA-196757	Metabolism of folate and pterines	2/117	17/10856	0.0140920387382585	0.0369718094986894	0.0218339098132686	MTHFD1/DHFR	2
R-HSA-450385	Butyrate Response Factor 1 (BRF1) binds and destabilizes mRNA	2/117	17/10856	0.0140920387382585	0.0369718094986894	0.0218339098132686	EXOSC8/EXOSC9	2
R-HSA-450513	Tristetraprolin (TTP, ZFP36) binds and destabilizes mRNA	2/117	17/10856	0.0140920387382585	0.0369718094986894	0.0218339098132686	EXOSC8/EXOSC9	2
R-HSA-450604	KSRP (KHSRP) binds and destabilizes mRNA	2/117	17/10856	0.0140920387382585	0.0369718094986894	0.0218339098132686	EXOSC8/EXOSC9	2
R-HSA-5688426	Deubiquitination	8/117	297/10856	0.0148823363594154	0.0388271010047319	0.0229295626355004	BRCA1/PSMA7/PSME3/ACTL6A/BARD1/CCNA2/SKP2/RUVBL1	8
R-HSA-1474165	Reproduction	5/117	143/10856	0.0191144248965401	0.0494677156979308	0.0292134374233244	BRCA1/SMC1A/RBBP8/RPA3/BLM	5
R-HSA-176412	Phosphorylation of the APC/C	2/117	20/10856	0.019278638666003	0.0494677156979308	0.0292134374233244	CDC23/CCNB1	2
R-HSA-9687136	Aberrant regulation of mitotic exit in cancer due to RB1 defects	2/117	20/10856	0.019278638666003	0.0494677156979308	0.0292134374233244	CDC23/SKP2	2
