GO.ID	Term	Annotated	Significant	Expected	classicFisher	plot_id
GO:0070013	intracellular organelle lumen	5482	106	36.43	1e-30	GO:0070013 - intracellular organelle lumen
GO:0031974	membrane-enclosed lumen	5659	107	37.61	1e-30	GO:0031974 - membrane-enclosed lumen
GO:0043233	organelle lumen	5659	107	37.61	1e-30	GO:0043233 - organelle lumen
GO:0005654	nucleoplasm	3864	83	25.68	2.3e-27	GO:0005654 - nucleoplasm
GO:0031981	nuclear lumen	4420	88	29.37	3.3e-27	GO:0031981 - nuclear lumen
GO:0005634	nucleus	8050	110	53.49	4.6e-23	GO:0005634 - nucleus
GO:0005694	chromosome	978	41	6.5	4.5e-22	GO:0005694 - chromosome
GO:0043231	intracellular membrane-bounded organelle	12041	129	80.02	1.4e-21	GO:0043231 - intracellular membrane-bounded organelle
GO:0032991	protein-containing complex	5755	89	38.24	1.6e-19	GO:0032991 - protein-containing complex
GO:0043227	membrane-bounded organelle	13649	133	90.7	2.4e-19	GO:0043227 - membrane-bounded organelle
GO:0140513	nuclear protein-containing complex	1396	41	9.28	1.7e-16	GO:0140513 - nuclear protein-containing complex
GO:0043229	intracellular organelle	13313	129	88.47	1.8e-16	GO:0043229 - intracellular organelle
GO:0043232	intracellular non-membrane-bounded organ...	4520	74	30.04	2.2e-16	GO:0043232 - intracellular non-membrane-bounded organ...
GO:0043228	non-membrane-bounded organelle	4531	74	30.11	2.5e-16	GO:0043228 - non-membrane-bounded organelle
GO:0005622	intracellular anatomical structure	15889	137	105.59	2.8e-16	GO:0005622 - intracellular anatomical structure
GO:0043226	organelle	14883	133	98.9	1.2e-14	GO:0043226 - organelle
GO:0000793	condensed chromosome	217	17	1.44	8.8e-14	GO:0000793 - condensed chromosome
GO:0031967	organelle envelope	1311	36	8.71	1.4e-13	GO:0031967 - organelle envelope
GO:0031975	envelope	1311	36	8.71	1.4e-13	GO:0031975 - envelope
GO:0000228	nuclear chromosome	263	18	1.75	1.6e-13	GO:0000228 - nuclear chromosome
GO:1990904	ribonucleoprotein complex	774	27	5.14	1.2e-12	GO:1990904 - ribonucleoprotein complex
GO:0005657	replication fork	73	11	0.49	1.9e-12	GO:0005657 - replication fork
GO:0000779	condensed chromosome, centromeric region	116	12	0.77	1.7e-11	GO:0000779 - condensed chromosome, centromeric region
GO:0005759	mitochondrial matrix	501	20	3.33	1.3e-10	GO:0005759 - mitochondrial matrix
GO:0000776	kinetochore	142	12	0.94	1.9e-10	GO:0000776 - kinetochore
GO:0000775	chromosome, centromeric region	202	13	1.34	9.6e-10	GO:0000775 - chromosome, centromeric region
GO:0005829	cytosol	5466	69	36.32	2.1e-09	GO:0005829 - cytosol
GO:0000777	condensed chromosome kinetochore	110	10	0.73	3.2e-09	GO:0000777 - condensed chromosome kinetochore
GO:0098687	chromosomal region	269	14	1.79	3.4e-09	GO:0098687 - chromosomal region
GO:0042575	DNA polymerase complex	21	6	0.14	3.9e-09	GO:0042575 - DNA polymerase complex
GO:0005737	cytoplasm	12631	115	83.94	5.8e-09	GO:0005737 - cytoplasm
GO:1902494	catalytic complex	1552	32	10.31	6.2e-09	GO:1902494 - catalytic complex
GO:0005635	nuclear envelope	515	18	3.42	9.6e-09	GO:0005635 - nuclear envelope
GO:0043596	nuclear replication fork	43	7	0.29	1.3e-08	GO:0043596 - nuclear replication fork
GO:0005739	mitochondrion	1748	33	11.62	2.9e-08	GO:0005739 - mitochondrion
GO:0000796	condensin complex	7	4	0.05	6.4e-08	GO:0000796 - condensin complex
GO:0000315	organellar large ribosomal subunit	58	7	0.39	1.1e-07	GO:0000315 - organellar large ribosomal subunit
GO:0005762	mitochondrial large ribosomal subunit	58	7	0.39	1.1e-07	GO:0005762 - mitochondrial large ribosomal subunit
GO:0072686	mitotic spindle	123	9	0.82	1.3e-07	GO:0072686 - mitotic spindle
GO:0000313	organellar ribosome	97	8	0.64	2.7e-07	GO:0000313 - organellar ribosome
GO:0005761	mitochondrial ribosome	97	8	0.64	2.7e-07	GO:0005761 - mitochondrial ribosome
GO:0031080	nuclear pore outer ring	10	4	0.07	3.8e-07	GO:0031080 - nuclear pore outer ring
GO:0019866	organelle inner membrane	595	17	3.95	4.5e-07	GO:0019866 - organelle inner membrane
GO:0043601	nuclear replisome	26	5	0.17	7.1e-07	GO:0043601 - nuclear replisome
GO:0098798	mitochondrial protein-containing complex	298	12	1.98	7.4e-07	GO:0098798 - mitochondrial protein-containing complex
GO:0030894	replisome	28	5	0.19	1e-06	GO:0030894 - replisome
GO:0005740	mitochondrial envelope	818	19	5.44	2.1e-06	GO:0005740 - mitochondrial envelope
GO:0005743	mitochondrial inner membrane	526	15	3.5	2.3e-06	GO:0005743 - mitochondrial inner membrane
GO:0005663	DNA replication factor C complex	5	3	0.03	2.8e-06	GO:0005663 - DNA replication factor C complex
GO:0034399	nuclear periphery	136	8	0.9	3.6e-06	GO:0034399 - nuclear periphery
