drugbank_id	name	whichFDA
DB00744	Zileuton	TRUE
DB01271	Idursulfase	TRUE
DB01279	Galsulfase	TRUE
DB01678	RU84687	FALSE
DB01866	RU79256	FALSE
DB01893	N6-Benzyl Adenosine-5'-Diphosphate	FALSE
DB01908	RU85493	FALSE
DB01947	RU78262	FALSE
DB02095	Isatin	FALSE
DB02211	N-Methyl-N-Propargyl-1(R)-Aminoindan	FALSE
DB02336	RU83876	FALSE
DB02432	RU90395	FALSE
DB02751	Glycocyamine	FALSE
DB02762	RU79072	FALSE
DB02908	RU78783	FALSE
DB03078	PASBN	FALSE
DB03104	2-[4-[(Z)-2-Acetamido-3-oxo-3-[[(3S)-2-oxo-1-[(4-phenylphenyl)methyl]azepan-3-yl]amino]prop-1-enyl]-2-formylphenyl]acetic acid	FALSE
DB03114	PAS219	FALSE
DB03217	DPI59	FALSE
DB03268	RU82197	FALSE
DB03298	Phenylphosphate	FALSE
DB03306	RU78300	FALSE
DB03525	RU79073	FALSE
DB03591	RU82209	FALSE
DB03628	ISO24	FALSE
DB03712	RU85053	FALSE
DB03828	RU78299	FALSE
DB03894	N-Propargyl-1(S)-Aminoindan	FALSE
DB03902	Oxalic Acid	FALSE
DB04080	RU78191	FALSE
DB04307	5-Hydroxy-N-Propargyl-1(R)-Aminoindan	FALSE
DB04495	RU81843	FALSE
DB04677	N-METHYL-N-[(1R)-1-METHYL-2-PHENYLETHYL]PROP-2-EN-1-AMINE	FALSE
DB04682	Octylphenoxy polyethoxyethanol	FALSE
DB04739	4-[(4-METHYL-1-PIPERAZINYL)METHYL]-N-[3-[[4-(3-PYRIDINYL)-2-PYRIMIDINYL]AMINO]PHENYL]-BENZAMIDE	FALSE
DB05023	ATL1101	FALSE
DB05422	OPC-14523	FALSE
DB05431	MLN-977	FALSE
DB05897	rhIGFBP-3	FALSE
DB06075	Linsitinib	FALSE
DB06137	KX-01	FALSE
DB06258	Bimoclomol	FALSE
DB06343	Teprotumumab	FALSE
DB06439	Tyloxapol	TRUE
DB06654	Safinamide	TRUE
DB06883	1-[1-(3-aminophenyl)-3-tert-butyl-1H-pyrazol-5-yl]-3-phenylurea	FALSE
DB07156	(4Z)-6-bromo-4-({[4-(pyrrolidin-1-ylmethyl)phenyl]amino}methylidene)isoquinoline-1,3(2H,4H)-dione	FALSE
DB07474	3-[5-(1H-IMIDAZOL-1-YL)-7-METHYL-1H-BENZIMIDAZOL-2-YL]-4-[(PYRIDIN-2-YLMETHYL)AMINO]PYRIDIN-2(1H)-ONE	FALSE
DB07512	7-[(3-CHLOROBENZYL)OXY]-2-OXO-2H-CHROMENE-4-CARBALDEHYDE	FALSE
DB07513	7-[(3-CHLOROBENZYL)OXY]-4-[(METHYLAMINO)METHYL]-2H-CHROMEN-2-ONE	FALSE
DB07966	[4-({4-[(5-cyclopropyl-1H-pyrazol-3-yl)amino]quinazolin-2-yl}amino)phenyl]acetonitrile	FALSE
DB08052	1-cyclopentyl-3-(1H-pyrrolo[2,3-b]pyridin-5-yl)-1H-pyrazolo[3,4-d]pyrimidin-4-amine	FALSE
DB08053	1-cyclobutyl-3-(3,4-dimethoxyphenyl)-1H-pyrazolo[3,4-d]pyrimidin-4-amine	FALSE
DB08054	1-(1-methylethyl)-3-quinolin-6-yl-1H-pyrazolo[3,4-d]pyrimidin-4-amine	FALSE
DB08082	N-(2-AMINOETHYL)-P-CHLOROBENZAMIDE	FALSE
DB08176	(1Z)-4-(4-FLUOROPHENYL)-2-METHYLIDENEBUTAN-1-IMINE	FALSE
DB08192	2-(4-CARCOXY-5-ISOPROPYLTHIAZOLYL)BENZOPIPERIDINE	FALSE
DB08462	N-(4-PHENYLAMINO-QUINAZOLIN-6-YL)-ACRYLAMIDE	FALSE
DB08480	4-HYDROXY-N-PROPARGYL-1(R)-AMINOINDAN	FALSE
DB08516	(S)-(+)-2-[4-(FLUOROBENZYLOXY-BENZYLAMINO)PROPIONAMIDE]	FALSE
DB08564	(2E)-N-{4-[(3-bromophenyl)amino]quinazolin-6-yl}-4-(dimethylamino)but-2-enamide	FALSE
DB09186	Nisoxetine	FALSE
DB12250	Cixutumumab	FALSE
