ID	Description	GeneRatio	BgRatio	pvalue	p.adjust	qvalue	geneID	Count
R-HSA-166520	Signaling by NTRKs	9/112	134/10856	9.5366962462484e-06	0.00530240311291411	0.00443707341141241	FYN/AP2S1/DNM1/RAP1A/ELK1/AP2M1/STAT3/FOSL1/SRC	9
R-HSA-187037	Signaling by NTRK1 (TRKA)	8/112	115/10856	2.36227361547083e-05	0.0065671206510089	0.00549539441072687	AP2S1/DNM1/RAP1A/ELK1/AP2M1/STAT3/FOSL1/SRC	8
R-HSA-1474244	Extracellular matrix organization	12/112	301/10856	6.14941755428864e-05	0.0113969205339483	0.00953699143507221	ITGB5/LTBP4/TIMP1/SH3PXD2A/LOX/SPARC/LOXL3/P3H1/EMILIN1/LAMB2/CD151/PECAM1	12
R-HSA-1566948	Elastic fibre formation	5/112	45/10856	9.39594930449541e-05	0.0130603695332486	0.010928972612071	ITGB5/LTBP4/LOX/LOXL3/EMILIN1	5
R-HSA-6806834	Signaling by MET	6/112	79/10856	0.000158903592300155	0.0159377103438971	0.0133367436047	RAP1A/SH3KBP1/STAT3/LAMB2/HGS/SRC	6
R-HSA-3928665	EPH-ephrin mediated repulsion of cells	5/112	51/10856	0.000171989679970113	0.0159377103438971	0.0133367436047	FYN/AP2S1/DNM1/AP2M1/SRC	5
R-HSA-210990	PECAM1 interactions	3/112	12/10856	0.000219768382738122	0.0174558886860565	0.0146071616797368	FYN/SRC/PECAM1	3
R-HSA-177504	Retrograde neurotrophin signalling	3/112	14/10856	0.000358182099119053	0.0210646545336252	0.017626992245101	AP2S1/DNM1/AP2M1	3
R-HSA-2682334	EPH-Ephrin signaling	6/112	92/10856	0.000365774191346667	0.0210646545336252	0.017626992245101	FYN/AP2S1/DNM1/GIT1/AP2M1/SRC	6
R-HSA-76002	Platelet activation, signaling and aggregation	10/112	263/10856	0.000378860693050813	0.0210646545336252	0.017626992245101	FYN/GNA15/TIMP1/SPARC/GNAI2/RAP1A/ECM1/RHOG/SRC/PECAM1	10
R-HSA-8856828	Clathrin-mediated endocytosis	7/112	146/10856	0.00076946893972054	0.0350710067190928	0.0293475671522889	AP2S1/SYNJ2/DNM1/SH3KBP1/TGOLN2/AP2M1/HGS	7
R-HSA-1839117	Signaling by cytosolic FGFR1 fusion mutants	3/112	18/10856	0.000779166218469144	0.0350710067190928	0.0293475671522889	LRRFIP1/STAT3/BCR	3
R-HSA-3928664	Ephrin signaling	3/112	19/10856	0.000918336344640122	0.0350710067190928	0.0293475671522889	FYN/GIT1/SRC	3
R-HSA-8964038	LDL clearance	3/112	19/10856	0.000918336344640122	0.0350710067190928	0.0293475671522889	AP2S1/LSR/AP2M1	3
R-HSA-8876384	Listeria monocytogenes entry into host cells	3/112	20/10856	0.00107231495364133	0.0350710067190928	0.0293475671522889	SH3KBP1/HGS/SRC	3
R-HSA-9669938	Signaling by KIT in disease	3/112	20/10856	0.00107231495364133	0.0350710067190928	0.0293475671522889	FYN/STAT3/SRC	3
R-HSA-9670439	Signaling by phosphorylated juxtamembrane, extracellular and kinase domain KIT mutants	3/112	20/10856	0.00107231495364133	0.0350710067190928	0.0293475671522889	FYN/STAT3/SRC	3
R-HSA-437239	Recycling pathway of L1	4/112	47/10856	0.00136080401958044	0.0420337241603737	0.0351739986347693	AP2S1/DNM1/AP2M1/SRC	4
