GO.ID	Term	Annotated	Significant	Expected	classicFisher	plot_id
GO:0005829	cytosol	5466	68	41.63	3.7e-06	GO:0005829 - cytosol
GO:0005737	cytoplasm	12631	122	96.19	8e-06	GO:0005737 - cytoplasm
GO:0030054	cell junction	2050	34	15.61	1e-05	GO:0030054 - cell junction
GO:0005615	extracellular space	3493	48	26.6	1.7e-05	GO:0005615 - extracellular space
GO:0070062	extracellular exosome	2301	36	17.52	1.9e-05	GO:0070062 - extracellular exosome
GO:1903561	extracellular vesicle	2325	36	17.71	2.4e-05	GO:1903561 - extracellular vesicle
GO:0043230	extracellular organelle	2330	36	17.74	2.5e-05	GO:0043230 - extracellular organelle
GO:0099091	postsynaptic specialization, intracellul...	23	4	0.18	2.6e-05	GO:0099091 - postsynaptic specialization, intracellul...
GO:0031982	vesicle	4297	53	32.72	0.00011	GO:0031982 - vesicle
GO:0043005	neuron projection	1384	24	10.54	0.00013	GO:0043005 - neuron projection
GO:0030312	external encapsulating structure	559	13	4.26	0.00036	GO:0030312 - external encapsulating structure
GO:0031012	extracellular matrix	559	13	4.26	0.00036	GO:0031012 - extracellular matrix
GO:0099092	postsynaptic density, intracellular comp...	20	3	0.15	0.00045	GO:0099092 - postsynaptic density, intracellular comp...
GO:0062023	collagen-containing extracellular matrix	428	11	3.26	0.00045	GO:0062023 - collagen-containing extracellular matrix
GO:0098978	glutamatergic synapse	363	10	2.76	0.00048	GO:0098978 - glutamatergic synapse
GO:0031090	organelle membrane	3925	47	29.89	0.00065	GO:0031090 - organelle membrane
GO:0045202	synapse	1275	21	9.71	0.00069	GO:0045202 - synapse
GO:0005604	basement membrane	95	5	0.72	8e-04	GO:0005604 - basement membrane
GO:0031234	extrinsic component of cytoplasmic side ...	95	5	0.72	8e-04	GO:0031234 - extrinsic component of cytoplasmic side ...
GO:0042995	cell projection	2312	31	17.61	0.0012	GO:0042995 - cell projection
GO:0036452	ESCRT complex	28	3	0.21	0.00123	GO:0036452 - ESCRT complex
GO:0005576	extracellular region	4617	52	35.16	0.00128	GO:0005576 - extracellular region
GO:0016020	membrane	10903	102	83.03	0.0014	GO:0016020 - membrane
GO:0009898	cytoplasmic side of plasma membrane	161	6	1.23	0.00148	GO:0009898 - cytoplasmic side of plasma membrane
GO:0099512	supramolecular fiber	1086	18	8.27	0.00159	GO:0099512 - supramolecular fiber
GO:0002102	podosome	31	3	0.24	0.00167	GO:0002102 - podosome
GO:0099081	supramolecular polymer	1094	18	8.33	0.00172	GO:0099081 - supramolecular polymer
GO:0098588	bounding membrane of organelle	2368	31	18.03	0.00176	GO:0098588 - bounding membrane of organelle
GO:0030425	dendrite	665	13	5.06	0.00177	GO:0030425 - dendrite
GO:0097447	dendritic tree	667	13	5.08	0.00181	GO:0097447 - dendritic tree
GO:0005834	heterotrimeric G-protein complex	33	3	0.25	0.002	GO:0005834 - heterotrimeric G-protein complex
GO:1905360	GTPase complex	33	3	0.25	0.002	GO:1905360 - GTPase complex
GO:0005915	zonula adherens	9	2	0.07	0.002	GO:0005915 - zonula adherens
GO:0005925	focal adhesion	446	10	3.4	0.00226	GO:0005925 - focal adhesion
GO:0030055	cell-substrate junction	454	10	3.46	0.00257	GO:0030055 - cell-substrate junction
GO:0071944	cell periphery	6684	68	50.9	0.00268	GO:0071944 - cell periphery
GO:0012505	endomembrane system	5005	54	38.12	0.00271	GO:0012505 - endomembrane system
GO:0120025	plasma membrane bounded cell projection	2232	29	17	0.00283	GO:0120025 - plasma membrane bounded cell projection
GO:0010008	endosome membrane	624	12	4.75	0.00302	GO:0010008 - endosome membrane
GO:0031410	cytoplasmic vesicle	2672	33	20.35	0.00317	GO:0031410 - cytoplasmic vesicle
GO:0097708	intracellular vesicle	2675	33	20.37	0.00323	GO:0097708 - intracellular vesicle
GO:0098562	cytoplasmic side of membrane	189	6	1.44	0.0033	GO:0098562 - cytoplasmic side of membrane
GO:0005811	lipid droplet	83	4	0.63	0.00373	GO:0005811 - lipid droplet
GO:0005768	endosome	1091	17	8.31	0.00402	GO:0005768 - endosome
GO:0030122	AP-2 adaptor complex	13	2	0.1	0.00425	GO:0030122 - AP-2 adaptor complex
GO:0070161	anchoring junction	836	14	6.37	0.00481	GO:0070161 - anchoring junction
GO:0030128	clathrin coat of endocytic vesicle	14	2	0.11	0.00494	GO:0030128 - clathrin coat of endocytic vesicle
GO:0036020	endolysosome membrane	14	2	0.11	0.00494	GO:0036020 - endolysosome membrane
GO:0042627	chylomicron	14	2	0.11	0.00494	GO:0042627 - chylomicron
GO:0099080	supramolecular complex	1409	20	10.73	0.00523	GO:0099080 - supramolecular complex
