GO.ID	Term	Annotated	Significant	Expected	classicFisher	plot_id
GO:0051241	negative regulation of multicellular org...	1023	27	7.95	2.1e-08	GO:0051241 - negative regulation of multicellular org...
GO:0051179	localization	7020	86	54.56	1.3e-07	GO:0051179 - localization
GO:0016477	cell migration	1516	32	11.78	1.6e-07	GO:0016477 - cell migration
GO:0032879	regulation of localization	2803	46	21.78	3.3e-07	GO:0032879 - regulation of localization
GO:0051239	regulation of multicellular organismal p...	2714	45	21.09	3.5e-07	GO:0051239 - regulation of multicellular organismal p...
GO:0032501	multicellular organismal process	8159	94	63.41	3.6e-07	GO:0032501 - multicellular organismal process
GO:0030334	regulation of cell migration	894	23	6.95	4.2e-07	GO:0030334 - regulation of cell migration
GO:0030198	extracellular matrix organization	399	15	3.1	5.3e-07	GO:0030198 - extracellular matrix organization
GO:0043062	extracellular structure organization	400	15	3.11	5.5e-07	GO:0043062 - extracellular structure organization
GO:0045229	external encapsulating structure organiz...	403	15	3.13	6e-07	GO:0045229 - external encapsulating structure organiz...
GO:0007167	enzyme linked receptor protein signaling...	1080	25	8.39	8.9e-07	GO:0007167 - enzyme linked receptor protein signaling...
GO:2000145	regulation of cell motility	957	23	7.44	1.4e-06	GO:2000145 - regulation of cell motility
GO:0048870	cell motility	1675	32	13.02	1.5e-06	GO:0048870 - cell motility
GO:0051674	localization of cell	1675	32	13.02	1.5e-06	GO:0051674 - localization of cell
GO:0051128	regulation of cellular component organiz...	2416	40	18.78	2.1e-06	GO:0051128 - regulation of cellular component organiz...
GO:0040011	locomotion	1879	34	14.6	2.2e-06	GO:0040011 - locomotion
GO:0022603	regulation of anatomical structure morph...	995	23	7.73	2.6e-06	GO:0022603 - regulation of anatomical structure morph...
GO:0040012	regulation of locomotion	1001	23	7.78	2.9e-06	GO:0040012 - regulation of locomotion
GO:0050793	regulation of developmental process	2571	41	19.98	3.8e-06	GO:0050793 - regulation of developmental process
GO:0009966	regulation of signal transduction	3257	48	25.31	3.9e-06	GO:0009966 - regulation of signal transduction
GO:0032502	developmental process	6822	80	53.02	4.6e-06	GO:0032502 - developmental process
GO:0007169	transmembrane receptor protein tyrosine ...	739	19	5.74	4.8e-06	GO:0007169 - transmembrane receptor protein tyrosine ...
GO:0051270	regulation of cellular component movemen...	1036	23	8.05	5.1e-06	GO:0051270 - regulation of cellular component movemen...
GO:0045926	negative regulation of growth	256	11	1.99	5.3e-06	GO:0045926 - negative regulation of growth
GO:0010033	response to organic substance	3624	51	28.16	6.5e-06	GO:0010033 - response to organic substance
GO:0006928	movement of cell or subcellular componen...	2158	36	16.77	6.6e-06	GO:0006928 - movement of cell or subcellular componen...
GO:0009719	response to endogenous stimulus	1724	31	13.4	7.8e-06	GO:0009719 - response to endogenous stimulus
GO:0010646	regulation of cell communication	3661	51	28.45	8.8e-06	GO:0010646 - regulation of cell communication
GO:0040013	negative regulation of locomotion	328	12	2.55	1e-05	GO:0040013 - negative regulation of locomotion
GO:0045765	regulation of angiogenesis	276	11	2.14	1.1e-05	GO:0045765 - regulation of angiogenesis
GO:0048856	anatomical structure development	6246	74	48.54	1.1e-05	GO:0048856 - anatomical structure development
GO:0007166	cell surface receptor signaling pathway	3283	47	25.51	1.1e-05	GO:0007166 - cell surface receptor signaling pathway
GO:1901342	regulation of vasculature development	278	11	2.16	1.2e-05	GO:1901342 - regulation of vasculature development
GO:0030336	negative regulation of cell migration	279	11	2.17	1.2e-05	GO:0030336 - negative regulation of cell migration
GO:0023051	regulation of signaling	3701	51	28.76	1.2e-05	GO:0023051 - regulation of signaling
GO:0016525	negative regulation of angiogenesis	100	7	0.78	1.3e-05	GO:0016525 - negative regulation of angiogenesis
GO:1901343	negative regulation of vasculature devel...	101	7	0.78	1.4e-05	GO:1901343 - negative regulation of vasculature devel...
GO:2000181	negative regulation of blood vessel morp...	101	7	0.78	1.4e-05	GO:2000181 - negative regulation of blood vessel morp...
GO:0010712	regulation of collagen metabolic process	41	5	0.32	1.6e-05	GO:0010712 - regulation of collagen metabolic process
GO:0007179	transforming growth factor beta receptor...	188	9	1.46	1.7e-05	GO:0007179 - transforming growth factor beta receptor...
GO:0071560	cellular response to transforming growth...	237	10	1.84	1.7e-05	GO:0071560 - cellular response to transforming growth...
GO:2000146	negative regulation of cell motility	296	11	2.3	2.1e-05	GO:2000146 - negative regulation of cell motility
GO:0071559	response to transforming growth factor b...	243	10	1.89	2.1e-05	GO:0071559 - response to transforming growth factor b...
GO:0048513	animal organ development	3794	51	29.49	2.4e-05	GO:0048513 - animal organ development
GO:0051271	negative regulation of cellular componen...	305	11	2.37	2.7e-05	GO:0051271 - negative regulation of cellular componen...
GO:0046628	positive regulation of insulin receptor ...	23	4	0.18	2.8e-05	GO:0046628 - positive regulation of insulin receptor ...
GO:0009653	anatomical structure morphogenesis	2793	41	21.71	2.9e-05	GO:0009653 - anatomical structure morphogenesis
GO:0051234	establishment of localization	5591	67	43.45	3e-05	GO:0051234 - establishment of localization
GO:0070887	cellular response to chemical stimulus	3616	49	28.1	3.1e-05	GO:0070887 - cellular response to chemical stimulus
GO:0071310	cellular response to organic substance	3002	43	23.33	3.1e-05	GO:0071310 - cellular response to organic substance
