drugbank_id	name	whichFDA
DB00283	Clemastine	TRUE
DB00341	Cetirizine	TRUE
DB00405	Dexbrompheniramine	TRUE
DB00427	Triprolidine	TRUE
DB00557	Hydroxyzine	TRUE
DB00719	Azatadine	TRUE
DB00748	Carbinoxamine	TRUE
DB00792	Tripelennamine	TRUE
DB00902	Methdilazine	TRUE
DB00950	Fexofenadine	TRUE
DB00967	Desloratadine	TRUE
DB00972	Azelastine	TRUE
DB00985	Dimenhydrinate	TRUE
DB01071	Mequitazine	FALSE
DB01084	Emedastine	TRUE
DB01237	Bromodiphenhydramine	TRUE
DB01246	Alimemazine	TRUE
DB01615	Aceprometazine	FALSE
DB01619	Phenindamine	TRUE
DB01733	L-Phospholactate	FALSE
DB04837	Clofedanol	TRUE
DB04890	Bepotastine	TRUE
DB04895	Pegaptanib	TRUE
DB05345	SO-101	FALSE
DB06282	Levocetirizine	TRUE
DB06691	Mepyramine	TRUE
DB06766	Alcaftadine	TRUE
DB06852	4-[(3S)-1-AZABICYCLO[2.2.2]OCT-3-YLAMINO]-3-(1H-BENZIMIDAZOL-2-YL)-6-CHLOROQUINOLIN-2(1H)-ONE	FALSE
DB06876	N-{5-[4-(4-METHYLPIPERAZIN-1-YL)PHENYL]-1H-PYRROLO[2,3-B]PYRIDIN-3-YL}NICOTINAMIDE	FALSE
DB07025	3-(5-{[4-(AMINOMETHYL)PIPERIDIN-1-YL]METHYL}-1H-INDOL-2-YL)QUINOLIN-2(1H)-ONE	FALSE
DB07034	2,2'-{[9-(HYDROXYIMINO)-9H-FLUORENE-2,7-DIYL]BIS(OXY)}DIACETIC ACID	FALSE
DB07037	(2S)-1-AMINO-3-[(5-NITROQUINOLIN-8-YL)AMINO]PROPAN-2-OL	FALSE
DB07038	2-(cyclohexylamino)benzoic acid	FALSE
DB07075	3-(5-{[4-(AMINOMETHYL)PIPERIDIN-1-YL]METHYL}-1H-INDOL-2-YL)-1H-INDAZOLE-6-CARBONITRILE	FALSE
DB07078	(3Z)-6-(4-HYDROXY-3-METHOXYPHENYL)-3-(1H-PYRROL-2-YLMETHYLENE)-1,3-DIHYDRO-2H-INDOL-2-ONE	FALSE
DB07158	5-ETHYL-3-METHYL-1,5-DIHYDRO-4H-PYRAZOLO[4,3-C]QUINOLIN-4-ONE	FALSE
DB07213	(5-{3-[5-(PIPERIDIN-1-YLMETHYL)-1H-INDOL-2-YL]-1H-INDAZOL-6-YL}-2H-1,2,3-TRIAZOL-4-YL)METHANOL	FALSE
DB07228	1-(5-CHLORO-2-METHOXYPHENYL)-3-{6-[2-(DIMETHYLAMINO)-1-METHYLETHOXY]PYRAZIN-2-YL}UREA	FALSE
DB07243	(3-ENDO)-8-METHYL-8-AZABICYCLO[3.2.1]OCT-3-YL 1H-PYRROLO[2,3-B]PYRIDINE-3-CARBOXYLATE	FALSE
DB07311	18-CHLORO-11,12,13,14-TETRAHYDRO-1H,10H-8,4-(AZENO)-9,15,1,3,6-BENZODIOXATRIAZACYCLOHEPTADECIN-2-ONE	FALSE
DB07314	1-(5-CHLORO-2,4-DIMETHOXYPHENYL)-3-(5-CYANOPYRAZIN-2-YL)UREA	FALSE
DB07320	4-(6-{[(4-METHYLCYCLOHEXYL)AMINO]METHYL}-1,4-DIHYDROINDENO[1,2-C]PYRAZOL-3-YL)BENZOIC ACID	FALSE
DB07336	4-[3-(1H-BENZIMIDAZOL-2-YL)-1H-INDAZOL-6-YL]-2-METHOXYPHENOL	FALSE
DB07628	6-(2-fluorobenzyl)-2,4-dimethyl-4,6-dihydro-5H-thieno[2',3':4,5]pyrrolo[2,3-d]pyridazin-5-one	FALSE
DB07647	(2R)-1-[(5,6-DIPHENYL-7H-PYRROLO[2,3-D]PYRIMIDIN-4-YL)AMINO]PROPAN-2-OL	FALSE
DB07648	(2R)-3-{[(4Z)-5,6-DIPHENYL-6,7-DIHYDRO-4H-PYRROLO[2,3-D]PYRIMIDIN-4-YLIDENE]AMINO}PROPANE-1,2-DIOL	FALSE
DB07653	N-(5,6-DIPHENYLFURO[2,3-D]PYRIMIDIN-4-YL)GLYCINE	FALSE
DB07654	(5,6-DIPHENYL-FURO[2,3-D]PYRIMIDIN-4-YLAMINO)-ACETIC	FALSE
DB07655	3-AMINO-3-BENZYL-[4.3.0]BICYCLO-1,6-DIAZANONAN-2-ONE	FALSE
DB07692	1-[(2,6-difluorophenyl)sulfonyl]-4-(2,3-dihydro-1,4-benzodioxin-6-ylsulfonyl)piperazine	FALSE
DB07697	1-(2,3-dihydro-1,4-benzodioxin-6-ylsulfonyl)-4-[(4-methoxyphenyl)sulfonyl]piperazine	FALSE
DB07959	3-(1H-BENZIMIDAZOL-2-YL)-1H-INDAZOLE	FALSE
DB08392	2-[5,6-BIS-(4-METHOXY-PHENYL)-FURO[2,3-D]PYRIMIDIN-4-YLAMINO]-ETHANOL	FALSE
DB08393	2-[(5,6-DIPHENYLFURO[2,3-D]PYRIMIDIN-4-YL)AMINO]ETHANOL	FALSE
DB08683	REL-(9R,12S)-9,10,11,12-TETRAHYDRO-9,12-EPOXY-1H-DIINDOLO[1,2,3-FG:3',2',1'-KL]PYRROLO[3,4-I][1,6]BENZODIAZOCINE-1,3(2H)-DIONE	FALSE
DB08774	1-[(2S)-4-(5-phenyl-1H-pyrazolo[3,4-b]pyridin-4-yl)morpholin-2-yl]methanamine	FALSE
DB08776	N-(4-OXO-5,6,7,8-TETRAHYDRO-4H-[1,3]THIAZOLO[5,4-C]AZEPIN-2-YL)ACETAMIDE	FALSE
DB08777	5,6,7,8-TETRAHYDRO[1]BENZOTHIENO[2,3-D]PYRIMIDIN-4(3H)-ONE	FALSE
DB08778	[4-amino-2-(tert-butylamino)-1,3-thiazol-5-yl](phenyl)methanone	FALSE
DB08779	2-(methylsulfanyl)-5-(thiophen-2-ylmethyl)-1H-imidazol-4-ol	FALSE
DB08780	6-MORPHOLIN-4-YL-9H-PURINE	FALSE
DB08781	1-[(2S)-4-(5-BROMO-1H-PYRAZOLO[3,4-B]PYRIDIN-4-YL)MORPHOLIN-2-YL]METHANAMINE	FALSE
DB08799	Antazoline	TRUE
DB08800	Chloropyramine	FALSE
DB08802	Isothipendyl	FALSE
DB08936	Chlorcyclizine	TRUE
DB09488	Acrivastine	TRUE
DB09555	Dexchlorpheniramine maleate	TRUE
DB11591	Bilastine	TRUE
