GO.ID	Term	Annotated	Significant	Expected	classicFisher	plot_id
GO:0010033	response to organic substance	3624	34	14.65	4e-07	GO:0010033 - response to organic substance
GO:0031589	cell-substrate adhesion	363	10	1.47	2e-06	GO:0031589 - cell-substrate adhesion
GO:0071310	cellular response to organic substance	3002	28	12.13	8.5e-06	GO:0071310 - cellular response to organic substance
GO:0016477	cell migration	1516	18	6.13	2.6e-05	GO:0016477 - cell migration
GO:0070887	cellular response to chemical stimulus	3616	30	14.61	3.6e-05	GO:0070887 - cellular response to chemical stimulus
GO:0010646	regulation of cell communication	3661	30	14.79	4.6e-05	GO:0010646 - regulation of cell communication
GO:0007044	cell-substrate junction assembly	100	5	0.4	5.3e-05	GO:0007044 - cell-substrate junction assembly
GO:0150115	cell-substrate junction organization	100	5	0.4	5.3e-05	GO:0150115 - cell-substrate junction organization
GO:0023051	regulation of signaling	3701	30	14.96	5.7e-05	GO:0023051 - regulation of signaling
GO:0034446	substrate adhesion-dependent cell spread...	102	5	0.41	5.8e-05	GO:0034446 - substrate adhesion-dependent cell spread...
GO:2001236	regulation of extrinsic apoptotic signal...	167	6	0.67	5.9e-05	GO:2001236 - regulation of extrinsic apoptotic signal...
GO:0071840	cellular component organization or bioge...	6927	45	27.99	6.9e-05	GO:0071840 - cellular component organization or bioge...
GO:0035924	cellular response to vascular endothelia...	56	4	0.23	7.7e-05	GO:0035924 - cellular response to vascular endothelia...
GO:0016043	cellular component organization	6726	44	27.18	7.8e-05	GO:0016043 - cellular component organization
GO:0071363	cellular response to growth factor stimu...	687	11	2.78	9.5e-05	GO:0071363 - cellular response to growth factor stimu...
GO:0048870	cell motility	1675	18	6.77	9.7e-05	GO:0048870 - cell motility
GO:0051674	localization of cell	1675	18	6.77	9.7e-05	GO:0051674 - localization of cell
GO:0009966	regulation of signal transduction	3257	27	13.16	0.00011	GO:0009966 - regulation of signal transduction
GO:0045765	regulation of angiogenesis	276	7	1.12	0.00013	GO:0045765 - regulation of angiogenesis
GO:1901342	regulation of vasculature development	278	7	1.12	0.00013	GO:1901342 - regulation of vasculature development
GO:0051894	positive regulation of focal adhesion as...	25	3	0.1	0.00014	GO:0051894 - positive regulation of focal adhesion as...
GO:0070848	response to growth factor	716	11	2.89	0.00014	GO:0070848 - response to growth factor
GO:0150117	positive regulation of cell-substrate ju...	26	3	0.11	0.00015	GO:0150117 - positive regulation of cell-substrate ju...
GO:1900060	negative regulation of ceramide biosynth...	5	2	0.02	0.00016	GO:1900060 - negative regulation of ceramide biosynth...
GO:0048646	anatomical structure formation involved ...	1147	14	4.64	0.00018	GO:0048646 - anatomical structure formation involved ...
GO:0019751	polyol metabolic process	130	5	0.53	0.00018	GO:0019751 - polyol metabolic process
GO:0006929	substrate-dependent cell migration	28	3	0.11	0.00019	GO:0006929 - substrate-dependent cell migration
GO:0090155	negative regulation of sphingolipid bios...	6	2	0.02	0.00024	GO:0090155 - negative regulation of sphingolipid bios...
GO:0097190	apoptotic signaling pathway	647	10	2.61	0.00027	GO:0097190 - apoptotic signaling pathway
GO:0048041	focal adhesion assembly	84	4	0.34	0.00037	GO:0048041 - focal adhesion assembly
GO:0007155	cell adhesion	1547	16	6.25	0.00039	GO:0007155 - cell adhesion
GO:0007160	cell-matrix adhesion	238	6	0.96	4e-04	GO:0007160 - cell-matrix adhesion
GO:0040011	locomotion	1879	18	7.59	0.00041	GO:0040011 - locomotion
GO:0034605	cellular response to heat	155	5	0.63	0.00041	GO:0034605 - cellular response to heat
GO:0045766	positive regulation of angiogenesis	155	5	0.63	0.00041	GO:0045766 - positive regulation of angiogenesis
GO:1904018	positive regulation of vasculature devel...	155	5	0.63	0.00041	GO:1904018 - positive regulation of vasculature devel...
GO:0022610	biological adhesion	1554	16	6.28	0.00041	GO:0022610 - biological adhesion
GO:0042221	response to chemical	5163	35	20.86	0.00042	GO:0042221 - response to chemical
GO:0008219	cell death	2410	21	9.74	0.00044	GO:0008219 - cell death
GO:0097191	extrinsic apoptotic signaling pathway	243	6	0.98	0.00045	GO:0097191 - extrinsic apoptotic signaling pathway
GO:0012501	programmed cell death	2250	20	9.09	0.00048	GO:0012501 - programmed cell death
GO:0038084	vascular endothelial growth factor signa...	38	3	0.15	0.00048	GO:0038084 - vascular endothelial growth factor signa...
GO:0006915	apoptotic process	2087	19	8.43	0.00052	GO:0006915 - apoptotic process
GO:0001944	vasculature development	712	10	2.88	0.00057	GO:0001944 - vasculature development
GO:0048468	cell development	2145	19	8.67	0.00072	GO:0048468 - cell development
GO:0006950	response to stress	4464	31	18.04	0.00075	GO:0006950 - response to stress
GO:0006928	movement of cell or subcellular componen...	2158	19	8.72	0.00078	GO:0006928 - movement of cell or subcellular componen...
GO:0048583	regulation of response to stimulus	4500	31	18.19	0.00087	GO:0048583 - regulation of response to stimulus
GO:0005975	carbohydrate metabolic process	625	9	2.53	0.00092	GO:0005975 - carbohydrate metabolic process
GO:1901890	positive regulation of cell junction ass...	107	4	0.43	0.00093	GO:1901890 - positive regulation of cell junction ass...
