GO.ID	Term	Annotated	Significant	Expected	classicFisher	plot_id
GO:0005829	cytosol	5466	40	21.48	8.9e-06	GO:0005829 - cytosol
GO:0005737	cytoplasm	12631	67	49.63	2.4e-05	GO:0005737 - cytoplasm
GO:0005925	focal adhesion	446	8	1.75	0.00036	GO:0005925 - focal adhesion
GO:0030055	cell-substrate junction	454	8	1.78	0.00041	GO:0030055 - cell-substrate junction
GO:0070161	anchoring junction	836	10	3.28	0.00158	GO:0070161 - anchoring junction
GO:0012505	endomembrane system	5005	32	19.66	0.00168	GO:0012505 - endomembrane system
GO:0070062	extracellular exosome	2301	18	9.04	0.00312	GO:0070062 - extracellular exosome
GO:1903561	extracellular vesicle	2325	18	9.13	0.00349	GO:1903561 - extracellular vesicle
GO:0043230	extracellular organelle	2330	18	9.15	0.00357	GO:0043230 - extracellular organelle
GO:1902912	pyruvate kinase complex	1	1	0	0.00393	GO:1902912 - pyruvate kinase complex
GO:0008305	integrin complex	31	2	0.12	0.00658	GO:0008305 - integrin complex
GO:0005615	extracellular space	3493	23	13.72	0.00692	GO:0005615 - extracellular space
GO:0098802	plasma membrane signaling receptor compl...	198	4	0.78	0.00772	GO:0098802 - plasma membrane signaling receptor compl...
GO:0005900	oncostatin-M receptor complex	2	1	0.01	0.00784	GO:0005900 - oncostatin-M receptor complex
GO:0034686	integrin alphav-beta8 complex	2	1	0.01	0.00784	GO:0034686 - integrin alphav-beta8 complex
GO:0070557	PCNA-p21 complex	2	1	0.01	0.00784	GO:0070557 - PCNA-p21 complex
GO:1990184	amino acid transport complex	2	1	0.01	0.00784	GO:1990184 - amino acid transport complex
GO:0098636	protein complex involved in cell adhesio...	34	2	0.13	0.00788	GO:0098636 - protein complex involved in cell adhesio...
GO:0048471	perinuclear region of cytoplasm	741	8	2.91	0.00858	GO:0048471 - perinuclear region of cytoplasm
GO:0071944	cell periphery	6684	37	26.26	0.00859	GO:0071944 - cell periphery
GO:0045121	membrane raft	335	5	1.32	0.0103	GO:0045121 - membrane raft
GO:0098857	membrane microdomain	336	5	1.32	0.01043	GO:0098857 - membrane microdomain
GO:0031982	vesicle	4297	26	16.88	0.01171	GO:0031982 - vesicle
GO:0005610	laminin-5 complex	3	1	0.01	0.01174	GO:0005610 - laminin-5 complex
GO:0005945	6-phosphofructokinase complex	3	1	0.01	0.01174	GO:0005945 - 6-phosphofructokinase complex
GO:0034666	integrin alpha2-beta1 complex	3	1	0.01	0.01174	GO:0034666 - integrin alpha2-beta1 complex
GO:0042585	germinal vesicle	3	1	0.01	0.01174	GO:0042585 - germinal vesicle
GO:0001674	female germ cell nucleus	4	1	0.02	0.01562	GO:0001674 - female germ cell nucleus
GO:0005862	muscle thin filament tropomyosin	4	1	0.02	0.01562	GO:0005862 - muscle thin filament tropomyosin
GO:0032449	CBM complex	4	1	0.02	0.01562	GO:0032449 - CBM complex
GO:0035339	SPOTS complex	4	1	0.02	0.01562	GO:0035339 - SPOTS complex
GO:0031984	organelle subcompartment	1908	14	7.5	0.01604	GO:0031984 - organelle subcompartment
GO:0005783	endoplasmic reticulum	2133	15	8.38	0.01812	GO:0005783 - endoplasmic reticulum
GO:0060171	stereocilium membrane	5	1	0.02	0.01949	GO:0060171 - stereocilium membrane
GO:0070876	SOSS complex	5	1	0.02	0.01949	GO:0070876 - SOSS complex
GO:0043235	receptor complex	413	5	1.62	0.02333	GO:0043235 - receptor complex
GO:0016012	sarcoglycan complex	6	1	0.02	0.02335	GO:0016012 - sarcoglycan complex
GO:0031265	CD95 death-inducing signaling complex	6	1	0.02	0.02335	GO:0031265 - CD95 death-inducing signaling complex
GO:0071458	integral component of cytoplasmic side o...	6	1	0.02	0.02335	GO:0071458 - integral component of cytoplasmic side o...
GO:0097342	ripoptosome	6	1	0.02	0.02335	GO:0097342 - ripoptosome
GO:0097443	sorting endosome	6	1	0.02	0.02335	GO:0097443 - sorting endosome
GO:0098797	plasma membrane protein complex	724	7	2.84	0.02364	GO:0098797 - plasma membrane protein complex
GO:0005886	plasma membrane	6193	33	24.33	0.02586	GO:0005886 - plasma membrane
GO:0016020	membrane	10903	52	42.84	0.02598	GO:0016020 - membrane
GO:0005802	trans-Golgi network	287	4	1.13	0.02654	GO:0005802 - trans-Golgi network
GO:0016011	dystroglycan complex	7	1	0.03	0.02718	GO:0016011 - dystroglycan complex
GO:0030054	cell junction	2050	14	8.05	0.02798	GO:0030054 - cell junction
GO:0005576	extracellular region	4617	26	18.14	0.02815	GO:0005576 - extracellular region
GO:0031410	cytoplasmic vesicle	2672	17	10.5	0.02896	GO:0031410 - cytoplasmic vesicle
GO:0097708	intracellular vesicle	2675	17	10.51	0.02924	GO:0097708 - intracellular vesicle
