GO.ID	Term	Annotated	Significant	Expected	classicFisher	plot_id
GO:0051286	cell tip	7	1	0	0.00068	GO:0051286 - cell tip
GO:0060187	cell pole	9	1	0	0.00087	GO:0060187 - cell pole
GO:0030140	trans-Golgi network transport vesicle	36	1	0	0.00349	GO:0030140 - trans-Golgi network transport vesicle
GO:0005778	peroxisomal membrane	64	1	0.01	0.0062	GO:0005778 - peroxisomal membrane
GO:0031903	microbody membrane	64	1	0.01	0.0062	GO:0031903 - microbody membrane
GO:0005798	Golgi-associated vesicle	96	1	0.01	0.00929	GO:0005798 - Golgi-associated vesicle
GO:0055038	recycling endosome membrane	117	1	0.01	0.01132	GO:0055038 - recycling endosome membrane
GO:0030670	phagocytic vesicle membrane	128	1	0.01	0.01238	GO:0030670 - phagocytic vesicle membrane
GO:0098588	bounding membrane of organelle	2368	2	0.23	0.01319	GO:0098588 - bounding membrane of organelle
GO:0005777	peroxisome	142	1	0.01	0.01373	GO:0005777 - peroxisome
GO:0042579	microbody	142	1	0.01	0.01373	GO:0042579 - microbody
GO:0045335	phagocytic vesicle	187	1	0.02	0.01806	GO:0045335 - phagocytic vesicle
GO:0008021	synaptic vesicle	211	1	0.02	0.02037	GO:0008021 - synaptic vesicle
GO:0055037	recycling endosome	223	1	0.02	0.02152	GO:0055037 - recycling endosome
GO:0070382	exocytic vesicle	228	1	0.02	0.022	GO:0070382 - exocytic vesicle
GO:0030136	clathrin-coated vesicle	238	1	0.02	0.02296	GO:0030136 - clathrin-coated vesicle
GO:0030666	endocytic vesicle membrane	261	1	0.03	0.02516	GO:0030666 - endocytic vesicle membrane
GO:0005654	nucleoplasm	3864	2	0.37	0.03512	GO:0005654 - nucleoplasm
GO:0031090	organelle membrane	3925	2	0.38	0.03624	GO:0031090 - organelle membrane
GO:0030135	coated vesicle	378	1	0.04	0.03634	GO:0030135 - coated vesicle
GO:0030139	endocytic vesicle	402	1	0.04	0.03862	GO:0030139 - endocytic vesicle
GO:0031981	nuclear lumen	4420	2	0.43	0.04596	GO:0031981 - nuclear lumen
GO:0030133	transport vesicle	504	1	0.05	0.0483	GO:0030133 - transport vesicle
GO:0098793	presynapse	526	1	0.05	0.05038	GO:0098793 - presynapse
GO:0012505	endomembrane system	5005	2	0.49	0.05893	GO:0012505 - endomembrane system
GO:0010008	endosome membrane	624	1	0.06	0.05962	GO:0010008 - endosome membrane
GO:0048471	perinuclear region of cytoplasm	741	1	0.07	0.0706	GO:0048471 - perinuclear region of cytoplasm
GO:0070013	intracellular organelle lumen	5482	2	0.53	0.0707	GO:0070013 - intracellular organelle lumen
GO:0031974	membrane-enclosed lumen	5659	2	0.55	0.07534	GO:0031974 - membrane-enclosed lumen
GO:0043233	organelle lumen	5659	2	0.55	0.07534	GO:0043233 - organelle lumen
GO:0000139	Golgi membrane	874	1	0.08	0.08299	GO:0000139 - Golgi membrane
GO:0016604	nuclear body	888	1	0.09	0.08429	GO:0016604 - nuclear body
GO:0030659	cytoplasmic vesicle membrane	934	1	0.09	0.08856	GO:0030659 - cytoplasmic vesicle membrane
GO:0012506	vesicle membrane	955	1	0.09	0.0905	GO:0012506 - vesicle membrane
GO:0098791	Golgi apparatus subcompartment	977	1	0.09	0.09254	GO:0098791 - Golgi apparatus subcompartment
GO:0005768	endosome	1091	1	0.11	0.10304	GO:0005768 - endosome
GO:0099503	secretory vesicle	1116	1	0.11	0.10534	GO:0099503 - secretory vesicle
GO:0045202	synapse	1275	1	0.12	0.11987	GO:0045202 - synapse
GO:0005634	nucleus	8050	2	0.78	0.15246	GO:0005634 - nucleus
GO:0005794	Golgi apparatus	1776	1	0.17	0.16488	GO:0005794 - Golgi apparatus
GO:0031984	organelle subcompartment	1908	1	0.19	0.17654	GO:0031984 - organelle subcompartment
GO:0030054	cell junction	2050	1	0.2	0.18899	GO:0030054 - cell junction
GO:0005783	endoplasmic reticulum	2133	1	0.21	0.19623	GO:0005783 - endoplasmic reticulum
GO:0070062	extracellular exosome	2301	1	0.22	0.21077	GO:0070062 - extracellular exosome
GO:1903561	extracellular vesicle	2325	1	0.23	0.21284	GO:1903561 - extracellular vesicle
GO:0043230	extracellular organelle	2330	1	0.23	0.21327	GO:0043230 - extracellular organelle
GO:0031410	cytoplasmic vesicle	2672	1	0.26	0.24242	GO:0031410 - cytoplasmic vesicle
GO:0097708	intracellular vesicle	2675	1	0.26	0.24268	GO:0097708 - intracellular vesicle
GO:0016020	membrane	10903	2	1.06	0.27968	GO:0016020 - membrane
GO:0005615	extracellular space	3493	1	0.34	0.31016	GO:0005615 - extracellular space
