ID	Description	GeneRatio	BgRatio	pvalue	p.adjust	qvalue	geneID	Count
R-HSA-2022923	Dermatan sulfate biosynthesis	1/2	11/10856	0.00202559565410865	0.0162047652328692	0.00213220595169331	DSE	1
R-HSA-8854214	TBC/RABGAPs	1/2	46/10856	0.00845701035998381	0.0238792863793413	0.00314201136570281	RAB8B	1
R-HSA-1793185	Chondroitin sulfate/dermatan sulfate metabolism	1/2	50/10856	0.00919070537571187	0.0238792863793413	0.00314201136570281	DSE	1
R-HSA-8873719	RAB geranylgeranylation	1/2	65/10856	0.0119396431896707	0.0238792863793413	0.00314201136570281	RAB8B	1
R-HSA-8876198	RAB GEFs exchange GTP for GDP on RABs	1/2	90/10856	0.0165127202654948	0.0259600940320563	0.0034158018463232	RAB8B	1
R-HSA-1630316	Glycosaminoglycan metabolism	1/2	124/10856	0.0227150822780493	0.0259600940320563	0.0034158018463232	DSE	1
R-HSA-9007101	Rab regulation of trafficking	1/2	124/10856	0.0227150822780493	0.0259600940320563	0.0034158018463232	RAB8B	1
