GO.ID	Term	Annotated	Significant	Expected	classicFisher	plot_id
GO:0051461	positive regulation of corticotropin sec...	5	1	0	0.00052	GO:0051461 - positive regulation of corticotropin sec...
GO:0045046	protein import into peroxisome membrane	6	1	0	0.00062	GO:0045046 - protein import into peroxisome membrane
GO:0048210	Golgi vesicle fusion to target membrane	6	1	0	0.00062	GO:0048210 - Golgi vesicle fusion to target membrane
GO:0051459	regulation of corticotropin secretion	6	1	0	0.00062	GO:0051459 - regulation of corticotropin secretion
GO:0051458	corticotropin secretion	8	1	0	0.00083	GO:0051458 - corticotropin secretion
GO:0030208	dermatan sulfate biosynthetic process	13	1	0	0.00135	GO:0030208 - dermatan sulfate biosynthetic process
GO:0030205	dermatan sulfate metabolic process	14	1	0	0.00145	GO:0030205 - dermatan sulfate metabolic process
GO:0050651	dermatan sulfate proteoglycan biosynthet...	16	1	0	0.00166	GO:0050651 - dermatan sulfate proteoglycan biosynthet...
GO:0050655	dermatan sulfate proteoglycan metabolic ...	17	1	0	0.00176	GO:0050655 - dermatan sulfate proteoglycan metabolic ...
GO:0015919	peroxisomal membrane transport	18	1	0	0.00186	GO:0015919 - peroxisomal membrane transport
GO:0015012	heparan sulfate proteoglycan biosyntheti...	27	1	0	0.0028	GO:0015012 - heparan sulfate proteoglycan biosyntheti...
GO:0030206	chondroitin sulfate biosynthetic process	27	1	0	0.0028	GO:0030206 - chondroitin sulfate biosynthetic process
GO:0050650	chondroitin sulfate proteoglycan biosynt...	32	1	0	0.00331	GO:0050650 - chondroitin sulfate proteoglycan biosynt...
GO:0030201	heparan sulfate proteoglycan metabolic p...	33	1	0	0.00342	GO:0030201 - heparan sulfate proteoglycan metabolic p...
GO:0030204	chondroitin sulfate metabolic process	40	1	0	0.00414	GO:0030204 - chondroitin sulfate metabolic process
GO:0044060	regulation of endocrine process	40	1	0	0.00414	GO:0044060 - regulation of endocrine process
GO:0050654	chondroitin sulfate proteoglycan metabol...	45	1	0	0.00466	GO:0050654 - chondroitin sulfate proteoglycan metabol...
GO:0006904	vesicle docking involved in exocytosis	47	1	0	0.00486	GO:0006904 - vesicle docking involved in exocytosis
GO:0060986	endocrine hormone secretion	51	1	0.01	0.00528	GO:0060986 - endocrine hormone secretion
GO:0030166	proteoglycan biosynthetic process	65	1	0.01	0.00672	GO:0030166 - proteoglycan biosynthetic process
GO:0034332	adherens junction organization	65	1	0.01	0.00672	GO:0034332 - adherens junction organization
GO:0048278	vesicle docking	71	1	0.01	0.00734	GO:0048278 - vesicle docking
GO:0006625	protein targeting to peroxisome	72	1	0.01	0.00745	GO:0006625 - protein targeting to peroxisome
GO:0072662	protein localization to peroxisome	72	1	0.01	0.00745	GO:0072662 - protein localization to peroxisome
GO:0072663	establishment of protein localization to...	72	1	0.01	0.00745	GO:0072663 - establishment of protein localization to...
GO:0043574	peroxisomal transport	74	1	0.01	0.00765	GO:0043574 - peroxisomal transport
GO:0032482	Rab protein signal transduction	76	1	0.01	0.00786	GO:0032482 - Rab protein signal transduction
GO:0007031	peroxisome organization	84	1	0.01	0.00869	GO:0007031 - peroxisome organization
GO:0140029	exocytic process	84	1	0.01	0.00869	GO:0140029 - exocytic process
GO:0006029	proteoglycan metabolic process	91	1	0.01	0.00941	GO:0006029 - proteoglycan metabolic process
GO:0050886	endocrine process	92	1	0.01	0.00951	GO:0050886 - endocrine process
GO:0090277	positive regulation of peptide hormone s...	107	1	0.01	0.01106	GO:0090277 - positive regulation of peptide hormone s...
GO:0006024	glycosaminoglycan biosynthetic process	112	1	0.01	0.01157	GO:0006024 - glycosaminoglycan biosynthetic process
GO:1903510	mucopolysaccharide metabolic process	115	1	0.01	0.01188	GO:1903510 - mucopolysaccharide metabolic process
GO:0006023	aminoglycan biosynthetic process	117	1	0.01	0.01209	GO:0006023 - aminoglycan biosynthetic process
GO:0006906	vesicle fusion	117	1	0.01	0.01209	GO:0006906 - vesicle fusion
GO:0090174	organelle membrane fusion	123	1	0.01	0.01271	GO:0090174 - organelle membrane fusion
GO:0046887	positive regulation of hormone secretion	138	1	0.01	0.01425	GO:0046887 - positive regulation of hormone secretion
GO:0048284	organelle fusion	147	1	0.02	0.01517	GO:0048284 - organelle fusion
GO:0002793	positive regulation of peptide secretion	160	1	0.02	0.01651	GO:0002793 - positive regulation of peptide secretion
GO:0030203	glycosaminoglycan metabolic process	162	1	0.02	0.01672	GO:0030203 - glycosaminoglycan metabolic process
GO:0006022	aminoglycan metabolic process	172	1	0.02	0.01774	GO:0006022 - aminoglycan metabolic process
GO:0061025	membrane fusion	176	1	0.02	0.01815	GO:0061025 - membrane fusion
GO:0140056	organelle localization by membrane tethe...	187	1	0.02	0.01928	GO:0140056 - organelle localization by membrane tethe...
GO:0022406	membrane docking	196	1	0.02	0.02021	GO:0022406 - membrane docking
GO:0045216	cell-cell junction organization	198	1	0.02	0.02041	GO:0045216 - cell-cell junction organization
GO:0017038	protein import	205	1	0.02	0.02113	GO:0017038 - protein import
GO:0006612	protein targeting to membrane	209	1	0.02	0.02154	GO:0006612 - protein targeting to membrane
GO:0044272	sulfur compound biosynthetic process	209	1	0.02	0.02154	GO:0044272 - sulfur compound biosynthetic process
GO:0017157	regulation of exocytosis	223	1	0.02	0.02297	GO:0017157 - regulation of exocytosis
