drugbank_id	name	whichFDA
DB02243	4-Morpholin-4-Yl-Piperidine-1-Carboxylic Acid [1-(3-Benzenesulfonyl-1-Propyl-Allylcarbamoyl)-2-Phenylethyl]-Amide	FALSE
DB07913	HOMOPHENYLALANINYLMETHANE	FALSE
DB08454	N-(5-METHYL-1H-PYRAZOL-3-YL)-2-PHENYLQUINAZOLIN-4-AMINE	FALSE
DB08608	4-({(2R,5S)-2,5-DIMETHYL-4-[(2R)-3,3,3-TRIFLUORO-2-HYDROXY-2-METHYLPROPANOYL]PIPERAZIN-1-YL}CARBONYL)BENZONITRILE	FALSE
DB08609	(2R)-N-{4-[Ethyl(phenyl)sulfamoyl]-2-methylphenyl}-3,3,3-trifluoro-2-hydroxy-2-methylpropanamide	FALSE
DB08610	N-(2-AMINOETHYL)-2-{3-CHLORO-4-[(4-ISOPROPYLBENZYL)OXY]PHENYL} ACETAMIDE	FALSE
DB08775	Benzoyl-tyrosine-alanine-fluoro-methyl ketone	FALSE
