GO.ID	Term	Annotated	Significant	Expected	classicFisher	plot_id
GO:0005773	vacuole	924	26	6.1	3.2e-10	GO:0005773 - vacuole
GO:0000323	lytic vacuole	813	22	5.36	1.8e-08	GO:0000323 - lytic vacuole
GO:0005764	lysosome	813	22	5.36	1.8e-08	GO:0005764 - lysosome
GO:0005622	intracellular anatomical structure	15889	127	104.82	3.1e-07	GO:0005622 - intracellular anatomical structure
GO:0043231	intracellular membrane-bounded organelle	12041	106	79.43	1.2e-06	GO:0043231 - intracellular membrane-bounded organelle
GO:0005774	vacuolar membrane	525	15	3.46	2.1e-06	GO:0005774 - vacuolar membrane
GO:0043227	membrane-bounded organelle	13649	112	90.04	2e-05	GO:0043227 - membrane-bounded organelle
GO:0043229	intracellular organelle	13313	110	87.82	2.3e-05	GO:0043229 - intracellular organelle
GO:0097632	extrinsic component of phagophore assemb...	2	2	0.01	4.3e-05	GO:0097632 - extrinsic component of phagophore assemb...
GO:0005776	autophagosome	101	6	0.67	5.6e-05	GO:0005776 - autophagosome
GO:0043202	lysosomal lumen	111	6	0.73	9.5e-05	GO:0043202 - lysosomal lumen
GO:0000421	autophagosome membrane	39	4	0.26	0.00012	GO:0000421 - autophagosome membrane
GO:0097629	extrinsic component of omegasome membran...	3	2	0.02	0.00013	GO:0097629 - extrinsic component of omegasome membran...
GO:0043226	organelle	14883	116	98.18	0.00022	GO:0043226 - organelle
GO:0005765	lysosomal membrane	460	11	3.03	0.00024	GO:0005765 - lysosomal membrane
GO:0098852	lytic vacuole membrane	460	11	3.03	0.00024	GO:0098852 - lytic vacuole membrane
GO:1903349	omegasome membrane	4	2	0.03	0.00026	GO:1903349 - omegasome membrane
GO:1990462	omegasome	5	2	0.03	0.00043	GO:1990462 - omegasome
GO:0098588	bounding membrane of organelle	2368	29	15.62	7e-04	GO:0098588 - bounding membrane of organelle
GO:0097413	Lewy body	7	2	0.05	0.00089	GO:0097413 - Lewy body
GO:0005737	cytoplasm	12631	101	83.32	0.00094	GO:0005737 - cytoplasm
GO:0000407	phagophore assembly site	33	3	0.22	0.00133	GO:0000407 - phagophore assembly site
GO:1990316	Atg1/ULK1 kinase complex	10	2	0.07	0.00188	GO:1990316 - Atg1/ULK1 kinase complex
GO:0005775	vacuolar lumen	202	6	1.33	0.00225	GO:0005775 - vacuolar lumen
GO:0005634	nucleus	8050	69	53.1	0.00362	GO:0005634 - nucleus
GO:1990234	transferase complex	852	13	5.62	0.00421	GO:1990234 - transferase complex
GO:0031410	cytoplasmic vesicle	2672	29	17.63	0.00439	GO:0031410 - cytoplasmic vesicle
GO:0097708	intracellular vesicle	2675	29	17.65	0.00446	GO:0097708 - intracellular vesicle
GO:0034045	phagophore assembly site membrane	17	2	0.11	0.00551	GO:0034045 - phagophore assembly site membrane
GO:1902911	protein kinase complex	117	4	0.77	0.00756	GO:1902911 - protein kinase complex
GO:0032589	neuron projection membrane	62	3	0.41	0.008	GO:0032589 - neuron projection membrane
GO:1904724	tertiary granule lumen	66	3	0.44	0.00949	GO:1904724 - tertiary granule lumen
GO:0070820	tertiary granule	208	5	1.37	0.01237	GO:0070820 - tertiary granule
GO:0005608	laminin-3 complex	2	1	0.01	0.01315	GO:0005608 - laminin-3 complex
GO:0097635	extrinsic component of autophagosome mem...	2	1	0.01	0.01315	GO:0097635 - extrinsic component of autophagosome mem...
GO:0016604	nuclear body	888	12	5.86	0.01459	GO:0016604 - nuclear body
GO:1904813	ficolin-1-rich granule lumen	142	4	0.94	0.01461	GO:1904813 - ficolin-1-rich granule lumen
GO:0000151	ubiquitin ligase complex	302	6	1.99	0.01516	GO:0000151 - ubiquitin ligase complex
GO:0101002	ficolin-1-rich granule	223	5	1.47	0.01627	GO:0101002 - ficolin-1-rich granule
GO:0031974	membrane-enclosed lumen	5659	49	37.33	0.01746	GO:0031974 - membrane-enclosed lumen
GO:0043233	organelle lumen	5659	49	37.33	0.01746	GO:0043233 - organelle lumen
GO:0005967	mitochondrial pyruvate dehydrogenase com...	3	1	0.02	0.01966	GO:0005967 - mitochondrial pyruvate dehydrogenase com...
GO:0043260	laminin-11 complex	3	1	0.02	0.01966	GO:0043260 - laminin-11 complex
GO:0044307	dendritic branch	3	1	0.02	0.01966	GO:0044307 - dendritic branch
GO:1990037	Lewy body core	3	1	0.02	0.01966	GO:1990037 - Lewy body core
GO:0012505	endomembrane system	5005	44	33.02	0.01997	GO:0012505 - endomembrane system
GO:0005829	cytosol	5466	47	36.06	0.02302	GO:0005829 - cytosol
GO:0016234	inclusion body	95	3	0.63	0.02503	GO:0016234 - inclusion body
GO:0000306	extrinsic component of vacuolar membrane	4	1	0.03	0.02613	GO:0000306 - extrinsic component of vacuolar membrane
GO:0030478	actin cap	4	1	0.03	0.02613	GO:0030478 - actin cap
