ID	Description	GeneRatio	BgRatio	pvalue	p.adjust	qvalue	geneID	Count
R-HSA-9617828	FOXO-mediated transcription of cell cycle genes	4/71	17/10856	3.74903295778105e-06	0.000605854807363326	0.000548660493886253	RBL2/CDKN1B/CCNG2/FOXO4	4
R-HSA-9614085	FOXO-mediated transcription	6/71	65/10856	3.84669718960842e-06	0.000605854807363326	0.000548660493886253	RBL2/CDKN1B/CCNG2/PINK1/FOXO4/TXNIP	6
R-HSA-1632852	Macroautophagy	7/71	136/10856	2.82970820920535e-05	0.00297119361966562	0.0026907049989286	MTMR3/ATG14/PRKAB2/GABARAPL1/PINK1/ULK1/NBR1	7
R-HSA-9612973	Autophagy	7/71	151/10856	5.53349418563094e-05	0.00435762667118437	0.00394625506396312	MTMR3/ATG14/PRKAB2/GABARAPL1/PINK1/ULK1/NBR1	7
