GO.ID	Term	Annotated	Significant	Expected	classicFisher	plot_id
GO:0008152	metabolic process	12231	108	83.01	1.3e-06	GO:0008152 - metabolic process
GO:0044237	cellular metabolic process	11336	102	76.94	2.9e-06	GO:0044237 - cellular metabolic process
GO:0071704	organic substance metabolic process	11725	102	79.58	2.3e-05	GO:0071704 - organic substance metabolic process
GO:0044260	cellular macromolecule metabolic process	8681	82	58.92	3.5e-05	GO:0044260 - cellular macromolecule metabolic process
GO:0006807	nitrogen compound metabolic process	10522	94	71.42	3.7e-05	GO:0006807 - nitrogen compound metabolic process
GO:0043170	macromolecule metabolic process	10080	91	68.42	4.2e-05	GO:0043170 - macromolecule metabolic process
GO:0009056	catabolic process	2851	37	19.35	5.1e-05	GO:0009056 - catabolic process
GO:0000045	autophagosome assembly	97	6	0.66	5.2e-05	GO:0000045 - autophagosome assembly
GO:0016236	macroautophagy	314	10	2.13	5.7e-05	GO:0016236 - macroautophagy
GO:0044248	cellular catabolic process	2423	33	16.45	5.8e-05	GO:0044248 - cellular catabolic process
GO:1905037	autophagosome organization	100	6	0.68	6.2e-05	GO:1905037 - autophagosome organization
GO:0006914	autophagy	531	13	3.6	6.7e-05	GO:0006914 - autophagy
GO:0061919	process utilizing autophagic mechanism	531	13	3.6	6.7e-05	GO:0061919 - process utilizing autophagic mechanism
GO:0044238	primary metabolic process	11072	96	75.15	0.00011	GO:0044238 - primary metabolic process
GO:1902746	regulation of lens fiber cell differenti...	4	2	0.03	0.00027	GO:1902746 - regulation of lens fiber cell differenti...
GO:0009313	oligosaccharide catabolic process	20	3	0.14	0.00032	GO:0009313 - oligosaccharide catabolic process
GO:0009311	oligosaccharide metabolic process	55	4	0.37	0.00053	GO:0009311 - oligosaccharide metabolic process
GO:0006026	aminoglycan catabolic process	64	4	0.43	0.00094	GO:0006026 - aminoglycan catabolic process
GO:0031323	regulation of cellular metabolic process	6410	61	43.51	0.00099	GO:0031323 - regulation of cellular metabolic process
GO:1903507	negative regulation of nucleic acid-temp...	1380	20	9.37	0.00101	GO:1903507 - negative regulation of nucleic acid-temp...
GO:1902679	negative regulation of RNA biosynthetic ...	1382	20	9.38	0.00103	GO:1902679 - negative regulation of RNA biosynthetic ...
GO:0007033	vacuole organization	169	6	1.15	0.00105	GO:0007033 - vacuole organization
GO:0007041	lysosomal transport	114	5	0.77	0.00108	GO:0007041 - lysosomal transport
GO:0031667	response to nutrient levels	466	10	3.16	0.00131	GO:0031667 - response to nutrient levels
GO:0007050	cell cycle arrest	246	7	1.67	0.00147	GO:0007050 - cell cycle arrest
GO:0045892	negative regulation of transcription, DN...	1327	19	9.01	0.00157	GO:0045892 - negative regulation of transcription, DN...
GO:0090527	actin filament reorganization	9	2	0.06	0.0016	GO:0090527 - actin filament reorganization
GO:1901565	organonitrogen compound catabolic proces...	1439	20	9.77	0.00167	GO:1901565 - organonitrogen compound catabolic proces...
GO:0009057	macromolecule catabolic process	1550	21	10.52	0.00174	GO:0009057 - macromolecule catabolic process
GO:1901564	organonitrogen compound metabolic proces...	7003	64	47.53	0.00208	GO:1901564 - organonitrogen compound metabolic proces...
GO:0031099	regeneration	194	6	1.32	0.00211	GO:0031099 - regeneration
GO:0019222	regulation of metabolic process	7148	65	48.51	0.00212	GO:0019222 - regulation of metabolic process
GO:1901136	carbohydrate derivative catabolic proces...	195	6	1.32	0.00217	GO:1901136 - carbohydrate derivative catabolic proces...
GO:0009991	response to extracellular stimulus	500	10	3.39	0.00219	GO:0009991 - response to extracellular stimulus
GO:0051253	negative regulation of RNA metabolic pro...	1473	20	10	0.0022	GO:0051253 - negative regulation of RNA metabolic pro...
GO:0042594	response to starvation	196	6	1.33	0.00222	GO:0042594 - response to starvation
GO:0080090	regulation of primary metabolic process	6193	58	42.03	0.00225	GO:0080090 - regulation of primary metabolic process
GO:0010558	negative regulation of macromolecule bio...	1589	21	10.78	0.00235	GO:0010558 - negative regulation of macromolecule bio...
GO:2000785	regulation of autophagosome assembly	40	3	0.27	0.00251	GO:2000785 - regulation of autophagosome assembly
GO:0010468	regulation of gene expression	5073	49	34.43	0.0033	GO:0010468 - regulation of gene expression
GO:2000113	negative regulation of cellular macromol...	1528	20	10.37	0.00336	GO:2000113 - negative regulation of cellular macromol...
GO:0031327	negative regulation of cellular biosynth...	1646	21	11.17	0.00357	GO:0031327 - negative regulation of cellular biosynth...
GO:0006355	regulation of transcription, DNA-templat...	3679	38	24.97	0.00376	GO:0006355 - regulation of transcription, DNA-templat...
GO:0030207	chondroitin sulfate catabolic process	14	2	0.1	0.00394	GO:0030207 - chondroitin sulfate catabolic process
GO:0044088	regulation of vacuole organization	47	3	0.32	0.00398	GO:0044088 - regulation of vacuole organization
GO:0060255	regulation of macromolecule metabolic pr...	6626	60	44.97	0.00419	GO:0060255 - regulation of macromolecule metabolic pr...
GO:0009890	negative regulation of biosynthetic proc...	1675	21	11.37	0.00437	GO:0009890 - negative regulation of biosynthetic proc...
GO:0007034	vacuolar transport	158	5	1.07	0.00449	GO:0007034 - vacuolar transport
GO:0045934	negative regulation of nucleobase-contai...	1569	20	10.65	0.00452	GO:0045934 - negative regulation of nucleobase-contai...
GO:0031054	pre-miRNA processing	15	2	0.1	0.00453	GO:0031054 - pre-miRNA processing
