drugbank_id	name	whichFDA
DB02358	LY374571	FALSE
DB02563	Hexanoyl-CoA	FALSE
DB03192	(R)-3-hydroxydecanoyl-CoA	FALSE
DB03593	7-methyl-5'-guanylic acid	FALSE
DB03612	3-Hydroxybutyryl-Coenzyme A	FALSE
DB03983	{[2-Amino-4-oxo-6,7-di(sulfanyl-κS)-3,5,5a,8,9a,10-hexahydro-4H-pyrano[3,2-g]pteridin-8-yl]methyl dihydrogenato(2-) phosphate}(dioxo)sulfanylmolybdenum	FALSE
DB04036	Coenzyme A persulfide	FALSE
DB04117	4-(N,N-Dimethylamino)cinnamoyl-CoA	FALSE
DB04322	LY249543	FALSE
DB04768	Pyrithiamine Pyrophosphate	FALSE
DB05282	MCC	FALSE
DB07642	5-{[1-(2-fluorobenzyl)piperidin-4-yl]methoxy}quinazoline-2,4-diamine	FALSE
DB07643	5-{[1-(2,3-dichlorobenzyl)piperidin-4-yl]methoxy}quinazoline-2,4-diamine	FALSE
DB07644	5-[(1S)-1-(3-chlorophenyl)ethoxy]quinazoline-2,4-diamine	FALSE
DB08699	1-tert-butyl-3-(3-methylbenzyl)-1H-pyrazolo[3,4-d]pyrimidin-4-amine	FALSE
