ID	Description	GeneRatio	BgRatio	pvalue	p.adjust	qvalue	geneID	Count
R-HSA-70895	Branched-chain amino acid catabolism	7/55	21/10856	6.35099102037801e-12	1.88624433305227e-09	1.80501850052849e-09	ACAT1/MCCC1/ALDH6A1/ECHS1/IVD/AUH/HIBCH	7
R-HSA-71406	Pyruvate metabolism and Citric Acid (TCA) cycle	5/55	55/10856	7.95438420137965e-06	0.00118122605390488	0.00113035986019606	GSTZ1/SDHB/SUCLA2/SUCLG2/RXRA	5
R-HSA-1428517	The citric acid (TCA) cycle and respiratory electron transport	7/55	178/10856	2.95859527665548e-05	0.0025539941639975	0.00244401355406459	GSTZ1/ETFB/SDHB/SUCLA2/COX11/SUCLG2/RXRA	7
R-HSA-77289	Mitochondrial Fatty Acid Beta-Oxidation	4/55	37/10856	3.43972277979461e-05	0.0025539941639975	0.00244401355406459	PCCB/ECHS1/HADH/DBI	4
R-HSA-429958	mRNA decay by 3' to 5' exoribonuclease	3/55	16/10856	6.57698230808509e-05	0.00390672749100254	0.003738495206701	DCPS/HBS1L/WDR61	3
R-HSA-71291	Metabolism of amino acids and derivatives	9/55	374/10856	9.69874552855591e-05	0.00480087903663518	0.00459414261878964	ACAT1/MCCC1/GSTZ1/ALDH6A1/ECHS1/IVD/SUOX/AUH/HIBCH	9
R-HSA-71403	Citric acid cycle (TCA cycle)	3/55	22/10856	0.000177012251553519	0.00751037695877074	0.0071869635969098	SDHB/SUCLA2/SUCLG2	3
R-HSA-8978868	Fatty acid metabolism	6/55	177/10856	0.000257967242111493	0.00957703386338916	0.0091646257065925	PCCB/ECHS1/HSD17B4/HADH/DBI/RXRA	6
R-HSA-196780	Biotin transport and metabolism	2/55	11/10856	0.00134614595449495	0.0399805348484999	0.0382588850224879	MCCC1/PCCB	2
R-HSA-77286	mitochondrial fatty acid beta-oxidation of saturated fatty acids	2/55	11/10856	0.00134614595449495	0.0399805348484999	0.0382588850224879	ECHS1/HADH	2
