GO.ID	Term	Annotated	Significant	Expected	classicFisher	plot_id
GO:0046395	carboxylic acid catabolic process	248	13	0.84	1.7e-12	GO:0046395 - carboxylic acid catabolic process
GO:0016054	organic acid catabolic process	264	13	0.89	3.8e-12	GO:0016054 - organic acid catabolic process
GO:0006790	sulfur compound metabolic process	393	14	1.32	4e-11	GO:0006790 - sulfur compound metabolic process
GO:0009081	branched-chain amino acid metabolic proc...	20	6	0.07	4.3e-11	GO:0009081 - branched-chain amino acid metabolic proc...
GO:0009083	branched-chain amino acid catabolic proc...	20	6	0.07	4.3e-11	GO:0009083 - branched-chain amino acid catabolic proc...
GO:0009062	fatty acid catabolic process	102	9	0.34	5.6e-11	GO:0009062 - fatty acid catabolic process
GO:0006635	fatty acid beta-oxidation	74	8	0.25	1.3e-10	GO:0006635 - fatty acid beta-oxidation
GO:0044282	small molecule catabolic process	438	14	1.48	1.7e-10	GO:0044282 - small molecule catabolic process
GO:0072329	monocarboxylic acid catabolic process	126	9	0.42	3.8e-10	GO:0072329 - monocarboxylic acid catabolic process
GO:0044281	small molecule metabolic process	1976	25	6.65	1.7e-09	GO:0044281 - small molecule metabolic process
GO:0043436	oxoacid metabolic process	1094	19	3.68	1.8e-09	GO:0043436 - oxoacid metabolic process
GO:0019395	fatty acid oxidation	104	8	0.35	2.1e-09	GO:0019395 - fatty acid oxidation
GO:0034440	lipid oxidation	106	8	0.36	2.5e-09	GO:0034440 - lipid oxidation
GO:0006082	organic acid metabolic process	1128	19	3.8	3e-09	GO:0006082 - organic acid metabolic process
GO:0044242	cellular lipid catabolic process	231	10	0.78	5e-09	GO:0044242 - cellular lipid catabolic process
GO:0019752	carboxylic acid metabolic process	1062	18	3.58	7.9e-09	GO:0019752 - carboxylic acid metabolic process
GO:0016042	lipid catabolic process	367	10	1.24	3.9e-07	GO:0016042 - lipid catabolic process
GO:0006631	fatty acid metabolic process	387	10	1.3	6.3e-07	GO:0006631 - fatty acid metabolic process
GO:0006552	leucine catabolic process	6	3	0.02	7.2e-07	GO:0006552 - leucine catabolic process
GO:0006105	succinate metabolic process	7	3	0.02	1.3e-06	GO:0006105 - succinate metabolic process
GO:1901575	organic substance catabolic process	2367	23	7.97	1.3e-06	GO:1901575 - organic substance catabolic process
GO:0030258	lipid modification	248	8	0.84	1.8e-06	GO:0030258 - lipid modification
GO:0044248	cellular catabolic process	2423	23	8.16	1.9e-06	GO:0044248 - cellular catabolic process
GO:0006551	leucine metabolic process	8	3	0.03	2e-06	GO:0006551 - leucine metabolic process
GO:0009063	cellular amino acid catabolic process	116	6	0.39	2.6e-06	GO:0009063 - cellular amino acid catabolic process
GO:0006637	acyl-CoA metabolic process	120	6	0.4	3.1e-06	GO:0006637 - acyl-CoA metabolic process
GO:0035383	thioester metabolic process	120	6	0.4	3.1e-06	GO:0035383 - thioester metabolic process
GO:0006520	cellular amino acid metabolic process	382	9	1.29	5.1e-06	GO:0006520 - cellular amino acid metabolic process
GO:0071704	organic substance metabolic process	11725	56	39.49	6.8e-06	GO:0071704 - organic substance metabolic process
GO:0043603	cellular amide metabolic process	1204	15	4.05	8.3e-06	GO:0043603 - cellular amide metabolic process
GO:0009056	catabolic process	2851	24	9.6	8.8e-06	GO:0009056 - catabolic process
GO:0032787	monocarboxylic acid metabolic process	649	11	2.19	9.8e-06	GO:0032787 - monocarboxylic acid metabolic process
GO:0033865	nucleoside bisphosphate metabolic proces...	155	6	0.52	1.4e-05	GO:0033865 - nucleoside bisphosphate metabolic proces...
GO:0033875	ribonucleoside bisphosphate metabolic pr...	155	6	0.52	1.4e-05	GO:0033875 - ribonucleoside bisphosphate metabolic pr...
GO:0034032	purine nucleoside bisphosphate metabolic...	155	6	0.52	1.4e-05	GO:0034032 - purine nucleoside bisphosphate metabolic...
GO:0044255	cellular lipid metabolic process	1124	14	3.79	1.8e-05	GO:0044255 - cellular lipid metabolic process
GO:0044237	cellular metabolic process	11336	54	38.18	2.3e-05	GO:0044237 - cellular metabolic process
GO:0006629	lipid metabolic process	1503	16	5.06	2.8e-05	GO:0006629 - lipid metabolic process
GO:0044238	primary metabolic process	11072	53	37.29	3.2e-05	GO:0044238 - primary metabolic process
GO:0008152	metabolic process	12231	56	41.19	4e-05	GO:0008152 - metabolic process
GO:0006574	valine catabolic process	4	2	0.01	6.7e-05	GO:0006574 - valine catabolic process
GO:0044272	sulfur compound biosynthetic process	209	6	0.7	7.3e-05	GO:0044272 - sulfur compound biosynthetic process
GO:0006766	vitamin metabolic process	138	5	0.46	1e-04	GO:0006766 - vitamin metabolic process
GO:0006104	succinyl-CoA metabolic process	6	2	0.02	0.00017	GO:0006104 - succinyl-CoA metabolic process
GO:0006573	valine metabolic process	6	2	0.02	0.00017	GO:0006573 - valine metabolic process
GO:0006767	water-soluble vitamin metabolic process	87	4	0.29	0.00021	GO:0006767 - water-soluble vitamin metabolic process
GO:0006099	tricarboxylic acid cycle	36	3	0.12	0.00024	GO:0006099 - tricarboxylic acid cycle
GO:0043648	dicarboxylic acid metabolic process	101	4	0.34	0.00037	GO:0043648 - dicarboxylic acid metabolic process
GO:0006768	biotin metabolic process	9	2	0.03	4e-04	GO:0006768 - biotin metabolic process
GO:0043928	exonucleolytic catabolism of deadenylate...	44	3	0.15	0.00044	GO:0043928 - exonucleolytic catabolism of deadenylate...
