GO.ID	Term	Annotated	Significant	Expected	classicFisher	plot_id
GO:0005739	mitochondrion	1748	28	5.77	2.8e-13	GO:0005739 - mitochondrion
GO:0005759	mitochondrial matrix	501	16	1.65	5.4e-12	GO:0005759 - mitochondrial matrix
GO:0005737	cytoplasm	12631	63	41.66	3.9e-09	GO:0005737 - cytoplasm
GO:0031974	membrane-enclosed lumen	5659	41	18.67	1.4e-08	GO:0031974 - membrane-enclosed lumen
GO:0043233	organelle lumen	5659	41	18.67	1.4e-08	GO:0043233 - organelle lumen
GO:0043231	intracellular membrane-bounded organelle	12041	60	39.72	7.5e-08	GO:0043231 - intracellular membrane-bounded organelle
GO:0070013	intracellular organelle lumen	5482	39	18.08	8.2e-08	GO:0070013 - intracellular organelle lumen
GO:0043227	membrane-bounded organelle	13649	63	45.02	2.7e-07	GO:0043227 - membrane-bounded organelle
GO:0043229	intracellular organelle	13313	61	43.91	2.1e-06	GO:0043229 - intracellular organelle
GO:0005622	intracellular anatomical structure	15889	66	52.41	4.4e-06	GO:0005622 - intracellular anatomical structure
GO:0043226	organelle	14883	64	49.09	4.9e-06	GO:0043226 - organelle
GO:0042709	succinate-CoA ligase complex	2	2	0.01	1.1e-05	GO:0042709 - succinate-CoA ligase complex
GO:0005662	DNA replication factor A complex	16	2	0.05	0.0012	GO:0005662 - DNA replication factor A complex
GO:0045239	tricarboxylic acid cycle enzyme complex	17	2	0.06	0.0014	GO:0045239 - tricarboxylic acid cycle enzyme complex
GO:0032592	integral component of mitochondrial memb...	79	3	0.26	0.0023	GO:0032592 - integral component of mitochondrial memb...
GO:0098573	intrinsic component of mitochondrial mem...	80	3	0.26	0.0024	GO:0098573 - intrinsic component of mitochondrial mem...
GO:0009317	acetyl-CoA carboxylase complex	1	1	0	0.0033	GO:0009317 - acetyl-CoA carboxylase complex
GO:0043033	isoamylase complex	1	1	0	0.0033	GO:0043033 - isoamylase complex
GO:0045244	succinate-CoA ligase complex (GDP-formin...	1	1	0	0.0033	GO:0045244 - succinate-CoA ligase complex (GDP-formin...
GO:0043601	nuclear replisome	26	2	0.09	0.0033	GO:0043601 - nuclear replisome
GO:0030894	replisome	28	2	0.09	0.0038	GO:0030894 - replisome
GO:0005654	nucleoplasm	3864	22	12.75	0.0051	GO:0005654 - nucleoplasm
GO:0002169	3-methylcrotonyl-CoA carboxylase complex...	2	1	0.01	0.0066	GO:0002169 - 3-methylcrotonyl-CoA carboxylase complex...
GO:1905202	methylcrotonoyl-CoA carboxylase complex	2	1	0.01	0.0066	GO:1905202 - methylcrotonoyl-CoA carboxylase complex
GO:0043596	nuclear replication fork	43	2	0.14	0.0089	GO:0043596 - nuclear replication fork
GO:0000110	nucleotide-excision repair factor 1 comp...	3	1	0.01	0.0099	GO:0000110 - nucleotide-excision repair factor 1 comp...
GO:0005777	peroxisome	142	3	0.47	0.0116	GO:0005777 - peroxisome
GO:0042579	microbody	142	3	0.47	0.0116	GO:0042579 - microbody
GO:0031304	intrinsic component of mitochondrial inn...	51	2	0.17	0.0123	GO:0031304 - intrinsic component of mitochondrial inn...
GO:0031305	integral component of mitochondrial inne...	51	2	0.17	0.0123	GO:0031305 - integral component of mitochondrial inne...
GO:0005782	peroxisomal matrix	54	2	0.18	0.0137	GO:0005782 - peroxisomal matrix
GO:0031907	microbody lumen	54	2	0.18	0.0137	GO:0031907 - microbody lumen
GO:0005954	calcium- and calmodulin-dependent protei...	5	1	0.02	0.0164	GO:0005954 - calcium- and calmodulin-dependent protei...
GO:0008023	transcription elongation factor complex	60	2	0.2	0.0168	GO:0008023 - transcription elongation factor complex
GO:0098798	mitochondrial protein-containing complex	298	4	0.98	0.0169	GO:0098798 - mitochondrial protein-containing complex
GO:0005740	mitochondrial envelope	818	7	2.7	0.018	GO:0005740 - mitochondrial envelope
GO:0005778	peroxisomal membrane	64	2	0.21	0.0189	GO:0005778 - peroxisomal membrane
GO:0031903	microbody membrane	64	2	0.21	0.0189	GO:0031903 - microbody membrane
GO:0005749	mitochondrial respiratory chain complex ...	6	1	0.02	0.0196	GO:0005749 - mitochondrial respiratory chain complex ...
GO:0045257	succinate dehydrogenase complex (ubiquin...	6	1	0.02	0.0196	GO:0045257 - succinate dehydrogenase complex (ubiquin...
GO:0045273	respiratory chain complex II	6	1	0.02	0.0196	GO:0045273 - respiratory chain complex II
GO:0045281	succinate dehydrogenase complex	6	1	0.02	0.0196	GO:0045281 - succinate dehydrogenase complex
GO:0045283	fumarate reductase complex	6	1	0.02	0.0196	GO:0045283 - fumarate reductase complex
GO:0016529	sarcoplasmic reticulum	70	2	0.23	0.0224	GO:0016529 - sarcoplasmic reticulum
GO:0070765	gamma-secretase complex	7	1	0.02	0.0229	GO:0070765 - gamma-secretase complex
GO:0031514	motile cilium	186	3	0.61	0.0236	GO:0031514 - motile cilium
GO:0035869	ciliary transition zone	72	2	0.24	0.0236	GO:0035869 - ciliary transition zone
GO:0031981	nuclear lumen	4420	22	14.58	0.024	GO:0031981 - nuclear lumen
GO:0005657	replication fork	73	2	0.24	0.0242	GO:0005657 - replication fork
GO:0016593	Cdc73/Paf1 complex	8	1	0.03	0.0261	GO:0016593 - Cdc73/Paf1 complex
