drugbank_id	name	whichFDA
DB00282	Pamidronic acid	TRUE
DB00322	Floxuridine	TRUE
DB00361	Vinorelbine	TRUE
DB00385	Valrubicin	TRUE
DB00432	Trifluridine	TRUE
DB00444	Teniposide	TRUE
DB00544	Fluorouracil	TRUE
DB00710	Ibandronate	TRUE
DB00884	Risedronic acid	TRUE
DB01101	Capecitabine	TRUE
DB01177	Idarubicin	TRUE
DB01204	Mitoxantrone	TRUE
DB01888	4-[5-(Trans-4-Aminocyclohexylamino)-3-Isopropylpyrazolo[1,5-a]Pyrimidin-7-Ylamino]-N,N-Dimethylbenzenesulfonamide	FALSE
DB02097	Cytidine	FALSE
DB02197	4-[(4-Imidazo[1,2-a]Pyridin-3-Ylpyrimidin-2-Yl)Amino]Benzenesulfonamide	FALSE
DB02297	2-Amino-6-Chloropyrazine	FALSE
DB02498	Carba-nicotinamide-adenine-dinucleotide	FALSE
DB02538	N-[4-(2-Methylimidazo[1,2-a]Pyridin-3-Yl)-2-Pyrimidinyl]Acetamide	FALSE
DB02603	1-Amino-6-Cyclohex-3-Enylmethyloxypurine	FALSE
DB02647	N-(5-Cyclopropyl-1h-Pyrazol-3-Yl)Benzamide	FALSE
DB02690	NU1025	FALSE
DB02898	(5R)-5-{[(2-Amino-3H-purin-6-yl)oxy]methyl}-2-pyrrolidinone	FALSE
DB02963	(5-Chloropyrazolo[1,5-a]Pyrimidin-7-Yl)-(4-Methanesulfonylphenyl)Amine	FALSE
DB02973	4-(5-Bromo-2-Oxo-2h-Indol-3-Ylazo)-Benzenesulfonamide	FALSE
DB03019	4-(2,5-Dichloro-Thiophen-3-Yl)-Pyrimidin-2-Ylamine	FALSE
DB03072	2-{3-[4-(4-Fluorophenyl)-3,6-Dihydro-1(2h)-Pyridinyl]Propyl}-8-Methyl-4(3h)-Quinazolinone	FALSE
DB03073	3-Methoxybenzamide	FALSE
DB03150	2',3'-Dideoxythymidine-5'-Monophosphate	FALSE
DB03153	3H-pyrazolo[4,3-d]pyrimidin-7-ol	FALSE
DB03195	Phosphoric Acid Mono-[3-Fluoro-5-(5-Methyl-2,4-Dioxo-3,4-Dihydro-2h-Pyrimidin-1-Yl)-Tetrahyro-Furan-2-Ylmethyl] Ester	FALSE
DB03233	3'-deoxy-3'-aminothymidine monophosphate	FALSE
DB03307	4-[(6-Amino-4-Pyrimidinyl)Amino]Benzenesulfonamide	FALSE
DB03365	4-[3-Hydroxyanilino]-6,7-Dimethoxyquinazoline	FALSE
DB03490	3-Pyridin-4-Yl-2,4-Dihydro-Indeno[1,2-.C.]Pyrazole	FALSE
DB03509	2-(4-Chlorophenyl)-5-Quinoxalinecarboxamide	FALSE
DB03546	N-({4-[(1R)-4-[(2R,4S,5S)-2,4-diamino-6-oxohexahydropyrimidin-5-yl]-1-(2,2,2-trifluoro-1,1-dihydroxyethyl)butyl]phenyl}carbonyl)-L-glutamic acid	FALSE
DB03583	(2E,3S)-3-hydroxy-5'-[(4-hydroxypiperidin-1-yl)sulfonyl]-3-methyl-1,3-dihydro-2,3'-biindol-2'(1'H)-one	FALSE
DB03589	Alpha-Ketomalonic Acid	FALSE
DB03663	1-[(2-Amino-6,9-Dihydro-1h-Purin-6-Yl)Oxy]-3-Methyl-2-Butanol	FALSE
DB03722	3,4-Dihydro-5-Methyl-Isoquinolinone	FALSE
DB03737	4-((3r,4s,5r)-4-Amino-3,5-Dihydroxy-Hex-1-Ynyl)-5-Fluoro-3-[1-(3-Methoxy-1h-Pyrrol-2-Yl)-Meth-(Z)-Ylidene]-1,3-Dihydro-Indol-2-One	FALSE
DB03845	P1-(5'-Adenosyl)P5-(5'-(3'azido-3'-Deoxythymidyl))Pentaphosphate	FALSE
DB04006	[2-Amino-6-(2,6-Difluoro-Benzoyl)-Imidazo[1,2-a]Pyridin-3-Yl]-Phenyl-Methanone	FALSE
DB04010	2-(3'-Methoxyphenyl) Benzimidazole-4-Carboxamide	FALSE
DB04101	N'-[4-(2,4-Dimethyl-1,3-thiazol-5-yl)-2-pyrimidinyl]-N-hydroxyimidoformamide	FALSE
DB04186	N'-(Pyrrolidino[2,1-B]Isoindolin-4-On-8-Yl)-N-(Pyridin-2-Yl)Urea	FALSE
DB04288	2-[Trans-(4-Aminocyclohexyl)Amino]-6-(Benzyl-Amino)-9-Cyclopentylpurine	FALSE
DB04356	9-Deazaguanine	FALSE
DB04407	4-[4-(4-Methyl-2-Methylamino-Thiazol-5-Yl)-Pyrimidin-2-Ylamino]-Phenol	FALSE
DB04518	3-[4-(2,4-Dimethyl-Thiazol-5-Yl)-Pyrimidin-2-Ylamino]-Phenol	FALSE
DB04607	PHENYLAMINOIMIDAZO(1,2-ALPHA)PYRIDINE	FALSE
DB04662	OLOMOUCINE II	FALSE
DB04669	TRIAZOLOPYRIMIDINE	FALSE
DB04703	Hesperidin	TRUE
DB04975	Banoxantrone	FALSE
DB04978	SP1049C	FALSE
DB05116	Thymectacin	FALSE
DB05141	LY2181308	FALSE
DB05220	Alisertib	FALSE
DB05282	MCC	FALSE
DB05284	CA4P	FALSE
DB05308	ANX-510	FALSE
DB05457	OSI-7904L	FALSE
DB05706	13-deoxydoxorubicin	FALSE
DB05920	RTA 744	FALSE
DB06013	Aldoxorubicin	FALSE
DB06263	Amrubicin	FALSE
DB06347	Cenisertib	FALSE
DB06420	Annamycin	FALSE
DB06852	4-[(3S)-1-AZABICYCLO[2.2.2]OCT-3-YLAMINO]-3-(1H-BENZIMIDAZOL-2-YL)-6-CHLOROQUINOLIN-2(1H)-ONE	FALSE
DB06876	N-{5-[4-(4-METHYLPIPERAZIN-1-YL)PHENYL]-1H-PYRROLO[2,3-B]PYRIDIN-3-YL}NICOTINAMIDE	FALSE
DB06888	(13R,15S)-13-METHYL-16-OXA-8,9,12,22,24-PENTAAZAHEXACYCLO[15.6.2.16,9.1,12,15.0,2,7.0,21,25]HEPTACOSA-1(24),2,4,6,17(25),18,20-HEPTAENE-23,26-DIONE	FALSE
DB06976	1-(5-OXO-2,3,5,9B-TETRAHYDRO-1H-PYRROLO[2,1-A]ISOINDOL-9-YL)-3-(5-PYRROLIDIN-2-YL-1H-PYRAZOL-3-YL)-UREA	FALSE
DB06983	(5-phenyl-7-(pyridin-3-ylmethylamino)pyrazolo[1,5-a]pyrimidin-3-yl)methanol	FALSE
DB07024	2-(3,4-DIHYDROXYPHENYL)-8-(1,1-DIOXIDOISOTHIAZOLIDIN-2-YL)-3-HYDROXY-6-METHYL-4H-CHROMEN-4-ONE	FALSE
DB07025	3-(5-{[4-(AMINOMETHYL)PIPERIDIN-1-YL]METHYL}-1H-INDOL-2-YL)QUINOLIN-2(1H)-ONE	FALSE
DB07034	2,2'-{[9-(HYDROXYIMINO)-9H-FLUORENE-2,7-DIYL]BIS(OXY)}DIACETIC ACID	FALSE
DB07037	(2S)-1-AMINO-3-[(5-NITROQUINOLIN-8-YL)AMINO]PROPAN-2-OL	FALSE
DB07038	2-(cyclohexylamino)benzoic acid	FALSE
DB07054	(2R)-1-(DIMETHYLAMINO)-3-{4-[(6-{[2-FLUORO-5-(TRIFLUOROMETHYL)PHENYL]AMINO}PYRIMIDIN-4-YL)AMINO]PHENOXY}PROPAN-2-OL	FALSE
DB07065	5-(2,3-dichlorophenyl)-N-(pyridin-4-ylmethyl)-3-thiocyanatopyrazolo[1,5-a]pyrimidin-7-amine	FALSE
DB07075	3-(5-{[4-(AMINOMETHYL)PIPERIDIN-1-YL]METHYL}-1H-INDOL-2-YL)-1H-INDAZOLE-6-CARBONITRILE	FALSE
DB07078	(3Z)-6-(4-HYDROXY-3-METHOXYPHENYL)-3-(1H-PYRROL-2-YLMETHYLENE)-1,3-DIHYDRO-2H-INDOL-2-ONE	FALSE
DB07096	6-AMINO-BENZO[DE]ISOQUINOLINE-1,3-DIONE	FALSE
DB07158	5-ETHYL-3-METHYL-1,5-DIHYDRO-4H-PYRAZOLO[4,3-C]QUINOLIN-4-ONE	FALSE
DB07163	5-[(2-AMINOETHYL)AMINO]-6-FLUORO-3-(1H-PYRROL-2-YL)BENZO[CD]INDOL-2(1H)-ONE	FALSE
DB07179	3-((3-bromo-5-o-tolylpyrazolo[1,5-a]pyrimidin-7-ylamino)methyl)pyridine 1-oxide	FALSE
DB07210	3-bromo-5-phenyl-N-(pyridin-4-ylmethyl)pyrazolo[1,5-a]pyrimidin-7-amine	FALSE
DB07213	(5-{3-[5-(PIPERIDIN-1-YLMETHYL)-1H-INDOL-2-YL]-1H-INDAZOL-6-YL}-2H-1,2,3-TRIAZOL-4-YL)METHANOL	FALSE
DB07220	N-[5-(1,1-DIOXIDOISOTHIAZOLIDIN-2-YL)-1H-INDAZOL-3-YL]-2-(4-PIPERIDIN-1-YLPHENYL)ACETAMIDE	FALSE
DB07228	1-(5-CHLORO-2-METHOXYPHENYL)-3-{6-[2-(DIMETHYLAMINO)-1-METHYLETHOXY]PYRAZIN-2-YL}UREA	FALSE
DB07243	(3-ENDO)-8-METHYL-8-AZABICYCLO[3.2.1]OCT-3-YL 1H-PYRROLO[2,3-B]PYRIDINE-3-CARBOXYLATE	FALSE
DB07266	8-ethyl-3,10,10-trimethyl-4,5,6,8,10,12-hexahydropyrazolo[4',3':6,7]cyclohepta[1,2-b]pyrrolo[2,3-f]indol-9(1H)-one	FALSE
DB07311	18-CHLORO-11,12,13,14-TETRAHYDRO-1H,10H-8,4-(AZENO)-9,15,1,3,6-BENZODIOXATRIAZACYCLOHEPTADECIN-2-ONE	FALSE
DB07314	1-(5-CHLORO-2,4-DIMETHOXYPHENYL)-3-(5-CYANOPYRAZIN-2-YL)UREA	FALSE
DB07320	4-(6-{[(4-METHYLCYCLOHEXYL)AMINO]METHYL}-1,4-DIHYDROINDENO[1,2-C]PYRAZOL-3-YL)BENZOIC ACID	FALSE
DB07330	trans-4-(7-carbamoyl-1H-benzimidazol-2-yl)-1-propylpiperidinium	FALSE
DB07336	4-[3-(1H-BENZIMIDAZOL-2-YL)-1H-INDAZOL-6-YL]-2-METHOXYPHENOL	FALSE
DB07360	1-{5-[2-(thieno[3,2-d]pyrimidin-4-ylamino)ethyl]-1,3-thiazol-2-yl}-3-[3-(trifluoromethyl)phenyl]urea	FALSE
DB07362	1-(5-{2-[(1-methyl-1H-pyrazolo[4,3-d]pyrimidin-7-yl)amino]ethyl}-1,3-thiazol-2-yl)-3-[3-(trifluoromethyl)phenyl]urea	FALSE
DB07493	5-Bromoindirubin	FALSE
DB07501	(2S)-1-{4-[(4-Anilino-5-bromo-2-pyrimidinyl)amino]phenoxy}-3-(dimethylamino)-2-propanol	FALSE
DB07504	(2R)-1-{4-[(4-Anilino-5-bromo-2-pyrimidinyl)amino]phenoxy}-3-(dimethylamino)-2-propanol	FALSE
DB07529	(5E)-2-Amino-5-(2-pyridinylmethylene)-1,3-thiazol-4(5H)-one	FALSE
DB07531	4-{5-[(Z)-(2,4-DIOXO-1,3-THIAZOLIDIN-5-YLIDENE)METHYL]FURAN-2-YL}BENZENESULFONAMIDE	FALSE
DB07540	4-{5-[(1Z)-1-(2-IMINO-4-OXO-1,3-THIAZOLIDIN-5-YLIDENE)ETHYL]-2-FURYL}BENZENESULFONAMIDE	FALSE
DB07545	N-{3-[(4-{[3-(TRIFLUOROMETHYL)PHENYL]AMINO}PYRIMIDIN-2-YL)AMINO]PHENYL}CYCLOPROPANECARBOXAMIDE	FALSE
DB07558	acetylleucyl-leucyl-norleucinal	FALSE
DB07577	6-ETHYL-5-PHENYLPYRIMIDINE-2,4-DIAMINE	FALSE
DB07595	(5Z)-5-(3-BROMOCYCLOHEXA-2,5-DIEN-1-YLIDENE)-N-(PYRIDIN-4-YLMETHYL)-1,5-DIHYDROPYRAZOLO[1,5-A]PYRIMIDIN-7-AMINE	FALSE
DB07606	6-(3,4-DIHYDROXYBENZYL)-3-ETHYL-1-(2,4,6-TRICHLOROPHENYL)-1H-PYRAZOLO[3,4-D]PYRIMIDIN-4(5H)-ONE	FALSE
DB07612	6-(3-AMINOPHENYL)-N-(TERT-BUTYL)-2-(TRIFLUOROMETHYL)QUINAZOLIN-4-AMINE	FALSE
DB07618	2-(4-(AMINOMETHYL)PIPERIDIN-1-YL)-N-(3_CYCLOHEXYL-4-OXO-2,4-DIHYDROINDENO[1,2-C]PYRAZOL-5-YL)ACETAMIDE	FALSE
DB07622	1-(3-(2,4-DIMETHYLTHIAZOL-5-YL)-4-OXO-2,4-DIHYDROINDENO[1,2-C]PYRAZOL-5-YL)-3-(4-METHYLPIPERAZIN-1-YL)UREA	FALSE
DB07647	(2R)-1-[(5,6-DIPHENYL-7H-PYRROLO[2,3-D]PYRIMIDIN-4-YL)AMINO]PROPAN-2-OL	FALSE
DB07648	(2R)-3-{[(4Z)-5,6-DIPHENYL-6,7-DIHYDRO-4H-PYRROLO[2,3-D]PYRIMIDIN-4-YLIDENE]AMINO}PROPANE-1,2-DIOL	FALSE
DB07653	N-(5,6-DIPHENYLFURO[2,3-D]PYRIMIDIN-4-YL)GLYCINE	FALSE
DB07654	(5,6-DIPHENYL-FURO[2,3-D]PYRIMIDIN-4-YLAMINO)-ACETIC	FALSE
DB07655	3-AMINO-3-BENZYL-[4.3.0]BICYCLO-1,6-DIAZANONAN-2-ONE	FALSE
DB07685	4-{[5-(CYCLOHEXYLMETHOXY)[1,2,4]TRIAZOLO[1,5-A]PYRIMIDIN-7-YL]AMINO}BENZENESULFONAMIDE	FALSE
DB07686	4-{[5-(CYCLOHEXYLAMINO)[1,2,4]TRIAZOLO[1,5-A]PYRIMIDIN-7-YL]AMINO}BENZENESULFONAMIDE	FALSE
DB07687	4-({5-[(4-AMINOCYCLOHEXYL)AMINO][1,2,4]TRIAZOLO[1,5-A]PYRIMIDIN-7-YL}AMINO)BENZENESULFONAMIDE	FALSE
DB07731	4-[(E)-(3,5-DIAMINO-1H-PYRAZOL-4-YL)DIAZENYL]PHENOL	FALSE
DB07750	(2R)-1-[4-({4-[(2,5-Dichlorophenyl)amino]-2-pyrimidinyl}amino)phenoxy]-3-(dimethylamino)-2-propanol	FALSE
DB07751	(2S)-1-[4-({6-[(2,6-Difluorophenyl)amino]-4-pyrimidinyl}amino)phenoxy]-3-(dimethylamino)-2-propanol	FALSE
DB07755	(2S)-1-[4-({4-[(2,5-Dichlorophenyl)amino]-2-pyrimidinyl}amino)phenoxy]-3-(dimethylamino)-2-propanol	FALSE
DB07761	(2R)-1-[4-({6-[(2,6-Difluorophenyl)amino]-4-pyrimidinyl}amino)phenoxy]-3-(dimethylamino)-2-propanol	FALSE
DB07787	5-FLUORO-1-[4-(4-PHENYL-3,6-DIHYDROPYRIDIN-1(2H)-YL)BUTYL]QUINAZOLINE-2,4(1H,3H)-DIONE	FALSE
DB07790	N-(2-METHOXYETHYL)-4-({4-[2-METHYL-1-(1-METHYLETHYL)-1H-IMIDAZOL-5-YL]PYRIMIDIN-2-YL}AMINO)BENZENESULFONAMIDE	FALSE
DB07791	4-{[4-(1-CYCLOPROPYL-2-METHYL-1H-IMIDAZOL-5-YL)PYRIMIDIN-2-YL]AMINO}-N-METHYLBENZENESULFONAMIDE	FALSE
DB07801	N-butyl-3-{[6-(9H-purin-6-ylamino)hexanoyl]amino}benzamide	FALSE
DB07889	(2S)-1-(Dimethylamino)-3-(4-{[4-(2-methylimidazo[1,2-a]pyridin-3-yl)-2-pyrimidinyl]amino}phenoxy)-2-propanol	FALSE
DB07936	N-(4-{[(3S)-3-(dimethylamino)pyrrolidin-1-yl]carbonyl}phenyl)-5-fluoro-4-[2-methyl-1-(1-methylethyl)-1H-imidazol-5-yl]pyrimidin-2-amine	FALSE
DB07959	3-(1H-BENZIMIDAZOL-2-YL)-1H-INDAZOLE	FALSE
DB07982	2-{4-[4-({4-[2-methyl-1-(1-methylethyl)-1H-imidazol-5-yl]pyrimidin-2-yl}amino)phenyl]piperazin-1-yl}-2-oxoethanol	FALSE
DB08045	4-{4-[4-(3-AMINOPROPOXY)PHENYL]-1H-PYRAZOL-5-YL}-6-CHLOROBENZENE-1,3-DIOL	FALSE
DB08065	2-(1H-pyrazol-3-yl)-1H-benzimidazole	FALSE
DB08094	(4-AMINO-2-{[1-(METHYLSULFONYL)PIPERIDIN-4-YL]AMINO}PYRIMIDIN-5-YL)(2,3-DIFLUORO-6-METHOXYPHENYL)METHANONE	FALSE
DB08122	N-Methyl-4-{[(2-oxo-1,2-dihydro-3H-indol-3-ylidene)methyl]amino}benzenesulfonamide	FALSE
DB08123	N-methyl-{4-[2-(7-oxo-6,7-dihydro-8H-[1,3]thiazolo[5,4-e]indol-8-ylidene)hydrazino]phenyl}methanesulfonamide	FALSE
DB08124	3-{[(2,2-dioxido-1,3-dihydro-2-benzothien-5-yl)amino]methylene}-5-(1,3-oxazol-5-yl)-1,3-dihydro-2H-indol-2-one	FALSE
DB08125	4-{[(2-Oxo-1,2-dihydro-3H-indol-3-ylidene)methyl]amino}-N-(1,3-thiazol-2-yl)benzenesulfonamide	FALSE
DB08126	3-{[4-([amino(imino)methyl]aminosulfonyl)anilino]methylene}-2-oxo-2,3-dihydro-1H-indole	FALSE
DB08132	5-hydroxynaphthalene-1-sulfonamide	FALSE
DB08133	N-(4-sulfamoylphenyl)-1H-indazole-3-carboxamide	FALSE
DB08134	4-[(6-chloropyrazin-2-yl)amino]benzenesulfonamide	FALSE
DB08135	N-phenyl-1H-pyrazole-3-carboxamide	FALSE
DB08136	4-(acetylamino)-N-(4-fluorophenyl)-1H-pyrazole-3-carboxamide	FALSE
DB08137	(4E)-N-(4-fluorophenyl)-4-[(phenylcarbonyl)imino]-4H-pyrazole-3-carboxamide	FALSE
DB08138	{[(2,6-difluorophenyl)carbonyl]amino}-N-(4-fluorophenyl)-1H-pyrazole-3-carboxamide	FALSE
DB08139	5-chloro-7-[(1-methylethyl)amino]pyrazolo[1,5-a]pyrimidine-3-carbonitrile	FALSE
DB08140	5-[(4-AMINOCYCLOHEXYL)AMINO]-7-(PROPAN-2-YLAMINO)PYRAZOLO[1,5-A]PYRIMIDINE-3-CARBONITRILE	FALSE
DB08141	4-{[(2,6-difluorophenyl)carbonyl]amino}-N-[(3S)-piperidin-3-yl]-1H-pyrazole-3-carboxamide	FALSE
DB08142	AT-7519	FALSE
DB08153	(5E)-14-CHLORO-15,17-DIHYDROXY-4,7,8,9,10,11-HEXAHYDRO-2-BENZOXACYCLOPENTADECINE-1,12(3H,13H)-DIONE	FALSE
DB08247	6-(CYCLOHEXYLMETHOXY)-8-ISOPROPYL-9H-PURIN-2-AMINE	FALSE
DB08292	(5Z)-12-CHLORO-13,15-DIHYDROXY-4,7,8,9-TETRAHYDRO-2-BENZOXACYCLOTRIDECINE-1,10(3H,11H)-DIONE	FALSE
DB08293	(5E)-12-CHLORO-13,15-DIHYDROXY-4,7,8,9-TETRAHYDRO-2-BENZOXACYCLOTRIDECINE-1,10(3H,11H)-DIONE	FALSE
DB08312	6-CYCLOHEXYLMETHYLOXY-5-NITROSO-PYRIMIDINE-2,4-DIAMINE	FALSE
DB08346	(5Z)-13-CHLORO-14,16-DIHYDROXY-3,4,7,8,9,10-HEXAHYDRO-1H-2-BENZOXACYCLOTETRADECINE-1,11(12H)-DIONE	FALSE
DB08392	2-[5,6-BIS-(4-METHOXY-PHENYL)-FURO[2,3-D]PYRIMIDIN-4-YLAMINO]-ETHANOL	FALSE
DB08393	2-[(5,6-DIPHENYLFURO[2,3-D]PYRIMIDIN-4-YL)AMINO]ETHANOL	FALSE
DB08441	6-BROMO-13-THIA-2,4,8,12,19-PENTAAZATRICYCLO[12.3.1.1~3,7~]NONADECA-1(18),3(19),4,6,14,16-HEXAENE 13,13-DIOXIDE	FALSE
DB08478	N-[2-Chloro-5-(trifluoromethyl)phenyl]imidodicarbonimidic diamide	FALSE
DB08479	N-(3,5-dimethoxyphenyl)imidodicarbonimidic diamide	FALSE
DB08531	5-(2,3-dichlorophenyl)-N-(pyridin-4-ylmethyl)pyrazolo[1,5-a]pyrimidin-7-amine	FALSE
DB08532	6-(2-fluorophenyl)-N-(pyridin-3-ylmethyl)imidazo[1,2-a]pyrazin-8-amine	FALSE
DB08533	3-methyl-N-(pyridin-4-ylmethyl)imidazo[1,2-a]pyrazin-8-amine	FALSE
DB08534	5-(2-fluorophenyl)-N-(pyridin-4-ylmethyl)pyrazolo[1,5-a]pyrimidin-7-amine	FALSE
DB08535	3-bromo-5-phenyl-N-(pyridin-3-ylmethyl)pyrazolo[1,5-a]pyrimidin-7-amine	FALSE
DB08536	3-bromo-5-phenyl-N-(pyrimidin-5-ylmethyl)pyrazolo[1,5-a]pyridin-7-amine	FALSE
DB08537	3-bromo-6-phenyl-N-(pyrimidin-5-ylmethyl)imidazo[1,2-a]pyridin-8-amine	FALSE
DB08538	N-((2-aminopyrimidin-5-yl)methyl)-5-(2,6-difluorophenyl)-3-ethylpyrazolo[1,5-a]pyrimidin-7-amine	FALSE
DB08539	3-cyclopropyl-5-phenyl-N-(pyridin-3-ylmethyl)pyrazolo[1,5-a]pyrimidin-7-amine	FALSE
DB08673	4-[(5-ISOPROPYL-1,3-THIAZOL-2-YL)AMINO]BENZENESULFONAMIDE	FALSE
DB08677	N-(5-Isopropyl-thiazol-2-YL)-2-pyridin-3-YL-acetamide	FALSE
DB08683	REL-(9R,12S)-9,10,11,12-TETRAHYDRO-9,12-EPOXY-1H-DIINDOLO[1,2,3-FG:3',2',1'-KL]PYRROLO[3,4-I][1,6]BENZODIAZOCINE-1,3(2H)-DIONE	FALSE
DB08734	6,6-DIMETHYL-1-[3-(2,4,5-TRICHLOROPHENOXY)PROPOXY]-1,6-DIHYDRO-1,3,5-TRIAZINE-2,4-DIAMINE	FALSE
DB08768	N-(3-METHYLBUT-2-EN-1-YL)-9H-PURIN-6-AMINE	FALSE
DB08774	1-[(2S)-4-(5-phenyl-1H-pyrazolo[3,4-b]pyridin-4-yl)morpholin-2-yl]methanamine	FALSE
DB08776	N-(4-OXO-5,6,7,8-TETRAHYDRO-4H-[1,3]THIAZOLO[5,4-C]AZEPIN-2-YL)ACETAMIDE	FALSE
DB08777	5,6,7,8-TETRAHYDRO[1]BENZOTHIENO[2,3-D]PYRIMIDIN-4(3H)-ONE	FALSE
DB08778	[4-amino-2-(tert-butylamino)-1,3-thiazol-5-yl](phenyl)methanone	FALSE
DB08779	2-(methylsulfanyl)-5-(thiophen-2-ylmethyl)-1H-imidazol-4-ol	FALSE
DB08780	6-MORPHOLIN-4-YL-9H-PURINE	FALSE
DB08781	1-[(2S)-4-(5-BROMO-1H-PYRAZOLO[3,4-B]PYRIDIN-4-YL)MORPHOLIN-2-YL]METHANAMINE	FALSE
DB09256	Tegafur	TRUE
DB11641	Vinflunine	TRUE
DB12887	Tazemetostat	FALSE
DB13061	MLN8054	FALSE
DB13877	Iniparib	FALSE
DB14581	CPI-1205	FALSE
