GO.ID	Term	Annotated	Significant	Expected	classicFisher	plot_id
GO:0070013	intracellular organelle lumen	5482	238	89.08	1e-30	GO:0070013 - intracellular organelle lumen
GO:0031974	membrane-enclosed lumen	5659	238	91.96	1e-30	GO:0031974 - membrane-enclosed lumen
GO:0043233	organelle lumen	5659	238	91.96	1e-30	GO:0043233 - organelle lumen
GO:0031981	nuclear lumen	4420	206	71.82	1e-30	GO:0031981 - nuclear lumen
GO:0005654	nucleoplasm	3864	183	62.79	1e-30	GO:0005654 - nucleoplasm
GO:0005694	chromosome	978	97	15.89	1e-30	GO:0005694 - chromosome
GO:0043232	intracellular non-membrane-bounded organ...	4520	197	73.45	1e-30	GO:0043232 - intracellular non-membrane-bounded organ...
GO:0043228	non-membrane-bounded organelle	4531	197	73.63	1e-30	GO:0043228 - non-membrane-bounded organelle
GO:0005634	nucleus	8050	260	130.81	1e-30	GO:0005634 - nucleus
GO:0032991	protein-containing complex	5755	219	93.52	1e-30	GO:0032991 - protein-containing complex
GO:0043231	intracellular membrane-bounded organelle	12041	298	195.66	1e-30	GO:0043231 - intracellular membrane-bounded organelle
GO:0005622	intracellular anatomical structure	15889	332	258.19	1e-30	GO:0005622 - intracellular anatomical structure
GO:0043229	intracellular organelle	13313	310	216.33	1e-30	GO:0043229 - intracellular organelle
GO:0098687	chromosomal region	269	42	4.37	5.7e-29	GO:0098687 - chromosomal region
GO:0000793	condensed chromosome	217	38	3.53	3.5e-28	GO:0000793 - condensed chromosome
GO:0043227	membrane-bounded organelle	13649	306	221.79	1e-27	GO:0043227 - membrane-bounded organelle
GO:0043226	organelle	14883	317	241.84	2.2e-26	GO:0043226 - organelle
GO:0000228	nuclear chromosome	263	39	4.27	4.4e-26	GO:0000228 - nuclear chromosome
GO:0000775	chromosome, centromeric region	202	33	3.28	1.4e-23	GO:0000775 - chromosome, centromeric region
GO:0140513	nuclear protein-containing complex	1396	79	22.68	3.8e-23	GO:0140513 - nuclear protein-containing complex
GO:0005657	replication fork	73	21	1.19	7.2e-21	GO:0005657 - replication fork
GO:1990904	ribonucleoprotein complex	774	55	12.58	1.7e-20	GO:1990904 - ribonucleoprotein complex
GO:0005829	cytosol	5466	167	88.82	3.8e-20	GO:0005829 - cytosol
GO:0000776	kinetochore	142	26	2.31	4.1e-20	GO:0000776 - kinetochore
GO:0000779	condensed chromosome, centromeric region	116	24	1.88	5.7e-20	GO:0000779 - condensed chromosome, centromeric region
GO:0015630	microtubule cytoskeleton	1286	70	20.9	1.7e-19	GO:0015630 - microtubule cytoskeleton
GO:0005730	nucleolus	1029	60	16.72	4.1e-18	GO:0005730 - nucleolus
GO:0000777	condensed chromosome kinetochore	110	22	1.79	4.6e-18	GO:0000777 - condensed chromosome kinetochore
GO:0005819	spindle	371	36	6.03	6.9e-18	GO:0005819 - spindle
GO:0005737	cytoplasm	12631	274	205.25	2.2e-16	GO:0005737 - cytoplasm
GO:0043596	nuclear replication fork	43	14	0.7	3.5e-15	GO:0043596 - nuclear replication fork
GO:0005815	microtubule organizing center	804	47	13.06	2.5e-14	GO:0005815 - microtubule organizing center
GO:0005813	centrosome	546	37	8.87	2.2e-13	GO:0005813 - centrosome
GO:0031298	replication fork protection complex	8	7	0.13	2.2e-12	GO:0031298 - replication fork protection complex
GO:0030684	preribosome	86	15	1.4	8.2e-12	GO:0030684 - preribosome
GO:1902494	catalytic complex	1552	62	25.22	3.1e-11	GO:1902494 - catalytic complex
GO:0005759	mitochondrial matrix	501	32	8.14	4.8e-11	GO:0005759 - mitochondrial matrix
GO:0005739	mitochondrion	1748	66	28.4	7.2e-11	GO:0005739 - mitochondrion
GO:0034399	nuclear periphery	136	17	2.21	8.2e-11	GO:0034399 - nuclear periphery
GO:0000794	condensed nuclear chromosome	86	14	1.4	1.1e-10	GO:0000794 - condensed nuclear chromosome
GO:0000922	spindle pole	170	18	2.76	3.7e-10	GO:0000922 - spindle pole
GO:0031967	organelle envelope	1311	53	21.3	7.1e-10	GO:0031967 - organelle envelope
GO:0031975	envelope	1311	53	21.3	7.1e-10	GO:0031975 - envelope
GO:0098798	mitochondrial protein-containing complex	298	23	4.84	7.7e-10	GO:0098798 - mitochondrial protein-containing complex
GO:0000502	proteasome complex	85	13	1.38	1.1e-09	GO:0000502 - proteasome complex
GO:1905369	endopeptidase complex	91	13	1.48	2.7e-09	GO:1905369 - endopeptidase complex
GO:0140535	intracellular protein-containing complex	833	39	13.54	3.2e-09	GO:0140535 - intracellular protein-containing complex
GO:0005876	spindle microtubule	61	11	0.99	3.6e-09	GO:0005876 - spindle microtubule
GO:0099080	supramolecular complex	1409	53	22.9	8.6e-09	GO:0099080 - supramolecular complex
GO:0005856	cytoskeleton	2375	75	38.59	9.7e-09	GO:0005856 - cytoskeleton
