GO.ID	Term	Annotated	Significant	Expected	classicFisher	plot_id
GO:0007049	cell cycle	1964	150	33.78	1e-30	GO:0007049 - cell cycle
GO:1903047	mitotic cell cycle process	926	105	15.93	1e-30	GO:1903047 - mitotic cell cycle process
GO:0000278	mitotic cell cycle	1078	111	18.54	1e-30	GO:0000278 - mitotic cell cycle
GO:0022402	cell cycle process	1475	126	25.37	1e-30	GO:0022402 - cell cycle process
GO:0051276	chromosome organization	1308	117	22.5	1e-30	GO:0051276 - chromosome organization
GO:0044772	mitotic cell cycle phase transition	607	77	10.44	1e-30	GO:0044772 - mitotic cell cycle phase transition
GO:0044770	cell cycle phase transition	647	79	11.13	1e-30	GO:0044770 - cell cycle phase transition
GO:0006259	DNA metabolic process	1002	94	17.24	1e-30	GO:0006259 - DNA metabolic process
GO:0006260	DNA replication	281	53	4.83	1e-30	GO:0006260 - DNA replication
GO:0006261	DNA-dependent DNA replication	151	42	2.6	1e-30	GO:0006261 - DNA-dependent DNA replication
GO:0007346	regulation of mitotic cell cycle	644	72	11.08	1e-30	GO:0007346 - regulation of mitotic cell cycle
GO:0051726	regulation of cell cycle	1299	97	22.34	1e-30	GO:0051726 - regulation of cell cycle
GO:0034641	cellular nitrogen compound metabolic pro...	6850	230	117.83	1e-30	GO:0034641 - cellular nitrogen compound metabolic pro...
GO:0010564	regulation of cell cycle process	835	78	14.36	1e-30	GO:0010564 - regulation of cell cycle process
GO:0006139	nucleobase-containing compound metabolic...	6068	211	104.38	1e-30	GO:0006139 - nucleobase-containing compound metabolic...
GO:0051301	cell division	637	67	10.96	1e-30	GO:0051301 - cell division
GO:1901990	regulation of mitotic cell cycle phase t...	455	58	7.83	1e-30	GO:1901990 - regulation of mitotic cell cycle phase t...
GO:1901987	regulation of cell cycle phase transitio...	489	59	8.41	1e-30	GO:1901987 - regulation of cell cycle phase transitio...
GO:0046483	heterocycle metabolic process	6232	212	107.2	1e-30	GO:0046483 - heterocycle metabolic process
GO:0006996	organelle organization	4141	168	71.23	1e-30	GO:0006996 - organelle organization
GO:0006725	cellular aromatic compound metabolic pro...	6280	212	108.02	1e-30	GO:0006725 - cellular aromatic compound metabolic pro...
GO:0000280	nuclear division	458	55	7.88	1.6e-30	GO:0000280 - nuclear division
GO:1901360	organic cyclic compound metabolic proces...	6522	213	112.19	4.9e-30	GO:1901360 - organic cyclic compound metabolic proces...
GO:0010948	negative regulation of cell cycle proces...	378	50	6.5	9.1e-30	GO:0010948 - negative regulation of cell cycle proces...
GO:0045930	negative regulation of mitotic cell cycl...	348	48	5.99	2e-29	GO:0045930 - negative regulation of mitotic cell cycl...
GO:1901988	negative regulation of cell cycle phase ...	265	43	4.56	2.2e-29	GO:1901988 - negative regulation of cell cycle phase ...
GO:0071840	cellular component organization or bioge...	6927	219	119.15	3.1e-29	GO:0071840 - cellular component organization or bioge...
GO:0007059	chromosome segregation	337	47	5.8	4.8e-29	GO:0007059 - chromosome segregation
GO:0045786	negative regulation of cell cycle	677	63	11.65	1.4e-28	GO:0045786 - negative regulation of cell cycle
GO:0006974	cellular response to DNA damage stimulus	958	74	16.48	1.9e-28	GO:0006974 - cellular response to DNA damage stimulus
GO:1901991	negative regulation of mitotic cell cycl...	249	41	4.28	2.6e-28	GO:1901991 - negative regulation of mitotic cell cycl...
GO:0048285	organelle fission	506	55	8.7	2.6e-28	GO:0048285 - organelle fission
GO:0090304	nucleic acid metabolic process	5522	190	94.98	4.7e-28	GO:0090304 - nucleic acid metabolic process
GO:0006281	DNA repair	604	59	10.39	7.1e-28	GO:0006281 - DNA repair
GO:0140014	mitotic nuclear division	300	43	5.16	4.1e-27	GO:0140014 - mitotic nuclear division
GO:0044786	cell cycle DNA replication	64	24	1.1	2.6e-26	GO:0044786 - cell cycle DNA replication
GO:0033554	cellular response to stress	2215	108	38.1	6.4e-25	GO:0033554 - cellular response to stress
GO:0000075	cell cycle checkpoint	245	37	4.21	3e-24	GO:0000075 - cell cycle checkpoint
GO:0033260	nuclear DNA replication	59	22	1.01	3.8e-24	GO:0033260 - nuclear DNA replication
GO:0000086	G2/M transition of mitotic cell cycle	285	39	4.9	6.8e-24	GO:0000086 - G2/M transition of mitotic cell cycle
GO:0000723	telomere maintenance	174	32	2.99	7.9e-24	GO:0000723 - telomere maintenance
GO:0098813	nuclear chromosome segregation	273	38	4.7	1.4e-23	GO:0098813 - nuclear chromosome segregation
GO:0016043	cellular component organization	6726	204	115.7	2.2e-23	GO:0016043 - cellular component organization
GO:0044839	cell cycle G2/M phase transition	303	39	5.21	6.7e-23	GO:0044839 - cell cycle G2/M phase transition
GO:0071103	DNA conformation change	382	43	6.57	8e-23	GO:0071103 - DNA conformation change
GO:0032200	telomere organization	187	32	3.22	8.1e-23	GO:0032200 - telomere organization
GO:0007093	mitotic cell cycle checkpoint	188	32	3.23	9.6e-23	GO:0007093 - mitotic cell cycle checkpoint
GO:0000819	sister chromatid segregation	189	32	3.25	1.1e-22	GO:0000819 - sister chromatid segregation
GO:0044843	cell cycle G1/S phase transition	273	37	4.7	1.5e-22	GO:0044843 - cell cycle G1/S phase transition
GO:0000082	G1/S transition of mitotic cell cycle	256	36	4.4	1.6e-22	GO:0000082 - G1/S transition of mitotic cell cycle
