GO.ID	Term	Annotated	Significant	Expected	classicFisher	plot_id
GO:0071383	cellular response to steroid hormone sti...	263	10	1.32	8.3e-07	GO:0071383 - cellular response to steroid hormone sti...
GO:2000112	regulation of cellular macromolecule bio...	4134	42	20.78	1e-06	GO:2000112 - regulation of cellular macromolecule bio...
GO:0051171	regulation of nitrogen compound metaboli...	6012	53	30.21	1.3e-06	GO:0051171 - regulation of nitrogen compound metaboli...
GO:0080090	regulation of primary metabolic process	6193	54	31.12	1.3e-06	GO:0080090 - regulation of primary metabolic process
GO:0031323	regulation of cellular metabolic process	6410	55	32.21	1.6e-06	GO:0031323 - regulation of cellular metabolic process
GO:0006357	regulation of transcription by RNA polym...	2302	29	11.57	1.7e-06	GO:0006357 - regulation of transcription by RNA polym...
GO:0060255	regulation of macromolecule metabolic pr...	6626	56	33.3	1.9e-06	GO:0060255 - regulation of macromolecule metabolic pr...
GO:0010556	regulation of macromolecule biosynthetic...	4238	42	21.3	2.1e-06	GO:0010556 - regulation of macromolecule biosynthetic...
GO:0006355	regulation of transcription, DNA-templat...	3679	38	18.49	3.2e-06	GO:0006355 - regulation of transcription, DNA-templat...
GO:0019222	regulation of metabolic process	7148	58	35.92	4.3e-06	GO:0019222 - regulation of metabolic process
GO:1903506	regulation of nucleic acid-templated tra...	3753	38	18.86	5.3e-06	GO:1903506 - regulation of nucleic acid-templated tra...
GO:2001141	regulation of RNA biosynthetic process	3758	38	18.89	5.5e-06	GO:2001141 - regulation of RNA biosynthetic process
GO:0031326	regulation of cellular biosynthetic proc...	4393	42	22.08	5.5e-06	GO:0031326 - regulation of cellular biosynthetic proc...
GO:0010468	regulation of gene expression	5073	46	25.5	6.1e-06	GO:0010468 - regulation of gene expression
GO:0043401	steroid hormone mediated signaling pathw...	197	8	0.99	6.8e-06	GO:0043401 - steroid hormone mediated signaling pathw...
GO:0006366	transcription by RNA polymerase II	2477	29	12.45	7.5e-06	GO:0006366 - transcription by RNA polymerase II
GO:0009889	regulation of biosynthetic process	4473	42	22.48	8.8e-06	GO:0009889 - regulation of biosynthetic process
GO:0006351	transcription, DNA-templated	3880	38	19.5	1.2e-05	GO:0006351 - transcription, DNA-templated
GO:0031324	negative regulation of cellular metaboli...	2690	30	13.52	1.3e-05	GO:0031324 - negative regulation of cellular metaboli...
GO:0045936	negative regulation of phosphate metabol...	533	12	2.68	1.5e-05	GO:0045936 - negative regulation of phosphate metabol...
GO:0010563	negative regulation of phosphorus metabo...	534	12	2.68	1.5e-05	GO:0010563 - negative regulation of phosphorus metabo...
GO:0097659	nucleic acid-templated transcription	3927	38	19.74	1.6e-05	GO:0097659 - nucleic acid-templated transcription
GO:0032774	RNA biosynthetic process	3942	38	19.81	1.7e-05	GO:0032774 - RNA biosynthetic process
GO:0071407	cellular response to organic cyclic comp...	644	13	3.24	2e-05	GO:0071407 - cellular response to organic cyclic comp...
GO:1900169	regulation of glucocorticoid mediated si...	2	2	0.01	2.5e-05	GO:1900169 - regulation of glucocorticoid mediated si...
GO:0051252	regulation of RNA metabolic process	4014	38	20.17	2.7e-05	GO:0051252 - regulation of RNA metabolic process
GO:0042326	negative regulation of phosphorylation	390	10	1.96	2.7e-05	GO:0042326 - negative regulation of phosphorylation
GO:0045893	positive regulation of transcription, DN...	1601	21	8.05	3.7e-05	GO:0045893 - positive regulation of transcription, DN...
GO:0048545	response to steroid hormone	408	10	2.05	3.9e-05	GO:0048545 - response to steroid hormone
GO:0034654	nucleobase-containing compound biosynthe...	4419	40	22.21	4.2e-05	GO:0034654 - nucleobase-containing compound biosynthe...
GO:0009755	hormone-mediated signaling pathway	257	8	1.29	4.6e-05	GO:0009755 - hormone-mediated signaling pathway
GO:0018130	heterocycle biosynthetic process	4488	40	22.56	6e-05	GO:0018130 - heterocycle biosynthetic process
GO:2000113	negative regulation of cellular macromol...	1528	20	7.68	6.1e-05	GO:2000113 - negative regulation of cellular macromol...
GO:0019438	aromatic compound biosynthetic process	4497	40	22.6	6.3e-05	GO:0019438 - aromatic compound biosynthetic process
GO:0043124	negative regulation of I-kappaB kinase/N...	43	4	0.22	6.4e-05	GO:0043124 - negative regulation of I-kappaB kinase/N...
GO:0051172	negative regulation of nitrogen compound...	2500	27	12.56	7.2e-05	GO:0051172 - negative regulation of nitrogen compound...
GO:0044271	cellular nitrogen compound biosynthetic ...	5202	44	26.14	7.3e-05	GO:0044271 - cellular nitrogen compound biosynthetic ...
GO:0043402	glucocorticoid mediated signaling pathwa...	3	2	0.02	7.5e-05	GO:0043402 - glucocorticoid mediated signaling pathwa...
GO:1903508	positive regulation of nucleic acid-temp...	1709	21	8.59	9.6e-05	GO:1903508 - positive regulation of nucleic acid-temp...
GO:1902680	positive regulation of RNA biosynthetic ...	1710	21	8.59	9.6e-05	GO:1902680 - positive regulation of RNA biosynthetic ...
GO:0045892	negative regulation of transcription, DN...	1327	18	6.67	9.7e-05	GO:0045892 - negative regulation of transcription, DN...
GO:0071396	cellular response to lipid	650	12	3.27	1e-04	GO:0071396 - cellular response to lipid
GO:0010558	negative regulation of macromolecule bio...	1589	20	7.99	1e-04	GO:0010558 - negative regulation of macromolecule bio...
GO:0033993	response to lipid	981	15	4.93	0.00011	GO:0033993 - response to lipid
GO:0010467	gene expression	6175	49	31.03	0.00011	GO:0010467 - gene expression
GO:0019219	regulation of nucleobase-containing comp...	4281	38	21.51	0.00012	GO:0019219 - regulation of nucleobase-containing comp...
GO:1904705	regulation of vascular associated smooth...	50	4	0.25	0.00012	GO:1904705 - regulation of vascular associated smooth...
GO:1990874	vascular associated smooth muscle cell p...	50	4	0.25	0.00012	GO:1990874 - vascular associated smooth muscle cell p...
GO:0051253	negative regulation of RNA metabolic pro...	1473	19	7.4	0.00012	GO:0051253 - negative regulation of RNA metabolic pro...
GO:0009892	negative regulation of metabolic process	3329	32	16.73	0.00012	GO:0009892 - negative regulation of metabolic process
