GO.ID	Term	Annotated	Significant	Expected	classicFisher	plot_id
GO:0043231	intracellular membrane-bounded organelle	12041	80	57.82	1.8e-06	GO:0043231 - intracellular membrane-bounded organelle
GO:0005622	intracellular anatomical structure	15889	93	76.3	6e-06	GO:0005622 - intracellular anatomical structure
GO:0043229	intracellular organelle	13313	83	63.93	1.7e-05	GO:0043229 - intracellular organelle
GO:0005634	nucleus	8050	59	38.66	2.7e-05	GO:0005634 - nucleus
GO:0000421	autophagosome membrane	39	4	0.19	3.6e-05	GO:0000421 - autophagosome membrane
GO:0043227	membrane-bounded organelle	13649	83	65.54	6.7e-05	GO:0043227 - membrane-bounded organelle
GO:0005776	autophagosome	101	5	0.49	0.00013	GO:0005776 - autophagosome
GO:0005654	nucleoplasm	3864	34	18.56	0.00017	GO:0005654 - nucleoplasm
GO:0031981	nuclear lumen	4420	36	21.23	0.00047	GO:0031981 - nuclear lumen
GO:0043226	organelle	14883	85	71.47	0.00096	GO:0043226 - organelle
GO:0005737	cytoplasm	12631	75	60.66	0.00163	GO:0005737 - cytoplasm
GO:0005829	cytosol	5466	40	26.25	0.00179	GO:0005829 - cytosol
GO:0035098	ESC/E(Z) complex	17	2	0.08	0.00296	GO:0035098 - ESC/E(Z) complex
GO:0031974	membrane-enclosed lumen	5659	40	27.18	0.00353	GO:0031974 - membrane-enclosed lumen
GO:0043233	organelle lumen	5659	40	27.18	0.00353	GO:0043233 - organelle lumen
GO:0005590	collagen type VII trimer	1	1	0	0.0048	GO:0005590 - collagen type VII trimer
GO:0044599	AP-5 adaptor complex	1	1	0	0.0048	GO:0044599 - AP-5 adaptor complex
GO:0098595	perivitelline space	1	1	0	0.0048	GO:0098595 - perivitelline space
GO:0098648	collagen anchoring fibril	1	1	0	0.0048	GO:0098648 - collagen anchoring fibril
GO:0098652	collagen type VII anchoring fibril	1	1	0	0.0048	GO:0098652 - collagen type VII anchoring fibril
GO:0070013	intracellular organelle lumen	5482	38	26.33	0.00674	GO:0070013 - intracellular organelle lumen
GO:0005667	transcription regulator complex	463	7	2.22	0.00697	GO:0005667 - transcription regulator complex
GO:0017053	transcription repressor complex	81	3	0.39	0.00699	GO:0017053 - transcription repressor complex
GO:0016607	nuclear speck	467	7	2.24	0.00729	GO:0016607 - nuclear speck
GO:0048237	rough endoplasmic reticulum lumen	2	1	0.01	0.00958	GO:0048237 - rough endoplasmic reticulum lumen
GO:0097632	extrinsic component of phagophore assemb...	2	1	0.01	0.00958	GO:0097632 - extrinsic component of phagophore assemb...
GO:0097636	intrinsic component of autophagosome mem...	2	1	0.01	0.00958	GO:0097636 - intrinsic component of autophagosome mem...
GO:0097637	integral component of autophagosome memb...	2	1	0.01	0.00958	GO:0097637 - integral component of autophagosome memb...
GO:0016604	nuclear body	888	10	4.26	0.01026	GO:0016604 - nuclear body
GO:0030934	anchoring collagen complex	3	1	0.01	0.01434	GO:0030934 - anchoring collagen complex
GO:0097629	extrinsic component of omegasome membran...	3	1	0.01	0.01434	GO:0097629 - extrinsic component of omegasome membran...
GO:0032838	plasma membrane bounded cell projection ...	207	4	0.99	0.01773	GO:0032838 - plasma membrane bounded cell projection ...
GO:0035976	transcription factor AP-1 complex	4	1	0.02	0.01907	GO:0035976 - transcription factor AP-1 complex
GO:1903349	omegasome membrane	4	1	0.02	0.01907	GO:1903349 - omegasome membrane
GO:0031984	organelle subcompartment	1908	16	9.16	0.01934	GO:0031984 - organelle subcompartment
GO:0005955	calcineurin complex	5	1	0.02	0.02378	GO:0005955 - calcineurin complex
GO:0033093	Weibel-Palade body	5	1	0.02	0.02378	GO:0033093 - Weibel-Palade body
GO:1990393	3M complex	5	1	0.02	0.02378	GO:1990393 - 3M complex
GO:1990462	omegasome	5	1	0.02	0.02378	GO:1990462 - omegasome
GO:0031312	extrinsic component of organelle membran...	50	2	0.24	0.02408	GO:0031312 - extrinsic component of organelle membran...
GO:0000139	Golgi membrane	874	9	4.2	0.02462	GO:0000139 - Golgi membrane
GO:0031166	integral component of vacuolar membrane	6	1	0.03	0.02847	GO:0031166 - integral component of vacuolar membrane
GO:0031310	intrinsic component of vacuolar membrane	6	1	0.03	0.02847	GO:0031310 - intrinsic component of vacuolar membrane
GO:0035805	egg coat	6	1	0.03	0.02847	GO:0035805 - egg coat
GO:0099568	cytoplasmic region	250	4	1.2	0.03249	GO:0099568 - cytoplasmic region
GO:0035032	phosphatidylinositol 3-kinase complex, c...	7	1	0.03	0.03314	GO:0035032 - phosphatidylinositol 3-kinase complex, c...
GO:0042406	extrinsic component of endoplasmic retic...	7	1	0.03	0.03314	GO:0042406 - extrinsic component of endoplasmic retic...
GO:0008287	protein serine/threonine phosphatase com...	60	2	0.29	0.03374	GO:0008287 - protein serine/threonine phosphatase com...
GO:1903293	phosphatase complex	60	2	0.29	0.03374	GO:1903293 - phosphatase complex
GO:0031519	PcG protein complex	61	2	0.29	0.03477	GO:0031519 - PcG protein complex
