GO.ID	Term	Annotated	Significant	Expected	classicFisher	plot_id
GO:0044327	dendritic spine head	11	2	0.01	3.5e-05	GO:0044327 - dendritic spine head
GO:0043197	dendritic spine	184	3	0.15	0.00043	GO:0043197 - dendritic spine
GO:0044309	neuron spine	186	3	0.15	0.00045	GO:0044309 - neuron spine
GO:0030054	cell junction	2050	7	1.69	0.00075	GO:0030054 - cell junction
GO:0061828	apical tubulobulbar complex	1	1	0	0.00082	GO:0061828 - apical tubulobulbar complex
GO:0061829	basal tubulobulbar complex	1	1	0	0.00082	GO:0061829 - basal tubulobulbar complex
GO:0036284	tubulobulbar complex	2	1	0	0.00165	GO:0036284 - tubulobulbar complex
GO:0098794	postsynapse	667	4	0.55	0.00185	GO:0098794 - postsynapse
GO:0034666	integrin alpha2-beta1 complex	3	1	0	0.00247	GO:0034666 - integrin alpha2-beta1 complex
GO:0048471	perinuclear region of cytoplasm	741	4	0.61	0.00271	GO:0048471 - perinuclear region of cytoplasm
GO:0005737	cytoplasm	12631	16	10.42	0.00283	GO:0005737 - cytoplasm
GO:0014069	postsynaptic density	355	3	0.29	0.00288	GO:0014069 - postsynaptic density
GO:0032279	asymmetric synapse	359	3	0.3	0.00297	GO:0032279 - asymmetric synapse
GO:0005862	muscle thin filament tropomyosin	4	1	0	0.00329	GO:0005862 - muscle thin filament tropomyosin
GO:0099572	postsynaptic specialization	380	3	0.31	0.00349	GO:0099572 - postsynaptic specialization
GO:0098984	neuron to neuron synapse	381	3	0.31	0.00351	GO:0098984 - neuron to neuron synapse
GO:0043226	organelle	14883	17	12.27	0.00392	GO:0043226 - organelle
GO:0098844	postsynaptic endocytic zone membrane	5	1	0	0.00412	GO:0098844 - postsynaptic endocytic zone membrane
GO:0005829	cytosol	5466	10	4.51	0.00492	GO:0005829 - cytosol
GO:0030061	mitochondrial crista	6	1	0	0.00494	GO:0030061 - mitochondrial crista
GO:0043229	intracellular organelle	13313	16	10.98	0.00608	GO:0043229 - intracellular organelle
GO:1990246	uniplex complex	8	1	0.01	0.00658	GO:1990246 - uniplex complex
GO:0098843	postsynaptic endocytic zone	10	1	0.01	0.00822	GO:0098843 - postsynaptic endocytic zone
GO:0043227	membrane-bounded organelle	13649	16	11.25	0.00871	GO:0043227 - membrane-bounded organelle
GO:0005856	cytoskeleton	2375	6	1.96	0.00932	GO:0005856 - cytoskeleton
GO:0008278	cohesin complex	13	1	0.01	0.01067	GO:0008278 - cohesin complex
GO:0005739	mitochondrion	1748	5	1.44	0.01135	GO:0005739 - mitochondrion
GO:0005622	intracellular anatomical structure	15889	17	13.1	0.01192	GO:0005622 - intracellular anatomical structure
GO:0043083	synaptic cleft	16	1	0.01	0.01312	GO:0043083 - synaptic cleft
GO:0001931	uropod	17	1	0.01	0.01393	GO:0001931 - uropod
GO:0031254	cell trailing edge	17	1	0.01	0.01393	GO:0031254 - cell trailing edge
GO:0031982	vesicle	4297	8	3.54	0.01401	GO:0031982 - vesicle
GO:0000164	protein phosphatase type 1 complex	18	1	0.01	0.01475	GO:0000164 - protein phosphatase type 1 complex
GO:0031143	pseudopodium	18	1	0.01	0.01475	GO:0031143 - pseudopodium
GO:0030425	dendrite	665	3	0.55	0.01621	GO:0030425 - dendrite
GO:0097447	dendritic tree	667	3	0.55	0.01634	GO:0097447 - dendritic tree
GO:0045202	synapse	1275	4	1.05	0.01812	GO:0045202 - synapse
GO:0042629	mast cell granule	23	1	0.02	0.0188	GO:0042629 - mast cell granule
GO:0099091	postsynaptic specialization, intracellul...	23	1	0.02	0.0188	GO:0099091 - postsynaptic specialization, intracellul...
GO:0098590	plasma membrane region	1312	4	1.08	0.01994	GO:0098590 - plasma membrane region
GO:0031528	microvillus membrane	27	1	0.02	0.02204	GO:0031528 - microvillus membrane
GO:0005865	striated muscle thin filament	28	1	0.02	0.02285	GO:0005865 - striated muscle thin filament
GO:0097431	mitotic spindle pole	28	1	0.02	0.02285	GO:0097431 - mitotic spindle pole
GO:0031966	mitochondrial membrane	775	3	0.64	0.02428	GO:0031966 - mitochondrial membrane
GO:0030867	rough endoplasmic reticulum membrane	30	1	0.02	0.02446	GO:0030867 - rough endoplasmic reticulum membrane
GO:0036379	myofilament	30	1	0.02	0.02446	GO:0036379 - myofilament
GO:0002102	podosome	31	1	0.03	0.02527	GO:0002102 - podosome
GO:0008305	integrin complex	31	1	0.03	0.02527	GO:0008305 - integrin complex
GO:0098636	protein complex involved in cell adhesio...	34	1	0.03	0.02768	GO:0098636 - protein complex involved in cell adhesio...
GO:0005740	mitochondrial envelope	818	3	0.67	0.02793	GO:0005740 - mitochondrial envelope
