GO.ID	Term	Annotated	Significant	Expected	classicFisher	plot_id
GO:1904415	regulation of xenophagy	6	2	0.01	1.1e-05	GO:1904415 - regulation of xenophagy
GO:1904417	positive regulation of xenophagy	6	2	0.01	1.1e-05	GO:1904417 - positive regulation of xenophagy
GO:0070671	response to interleukin-12	52	3	0.05	1.2e-05	GO:0070671 - response to interleukin-12
GO:0098792	xenophagy	10	2	0.01	3.3e-05	GO:0098792 - xenophagy
GO:0060368	regulation of Fc receptor mediated stimu...	12	2	0.01	4.8e-05	GO:0060368 - regulation of Fc receptor mediated stimu...
GO:0032727	positive regulation of interferon-alpha ...	13	2	0.01	5.7e-05	GO:0032727 - positive regulation of interferon-alpha ...
GO:0061000	negative regulation of dendritic spine d...	13	2	0.01	5.7e-05	GO:0061000 - negative regulation of dendritic spine d...
GO:0034134	toll-like receptor 2 signaling pathway	15	2	0.01	7.6e-05	GO:0034134 - toll-like receptor 2 signaling pathway
GO:0060996	dendritic spine development	101	3	0.09	9e-05	GO:0060996 - dendritic spine development
GO:1902531	regulation of intracellular signal trans...	1901	8	1.67	9.4e-05	GO:1902531 - regulation of intracellular signal trans...
GO:0071803	positive regulation of podosome assembly	17	2	0.01	9.9e-05	GO:0071803 - positive regulation of podosome assembly
GO:0032647	regulation of interferon-alpha productio...	20	2	0.02	0.00014	GO:0032647 - regulation of interferon-alpha productio...
GO:0071801	regulation of podosome assembly	21	2	0.02	0.00015	GO:0071801 - regulation of podosome assembly
GO:0032607	interferon-alpha production	22	2	0.02	0.00017	GO:0032607 - interferon-alpha production
GO:0046651	lymphocyte proliferation	342	4	0.3	0.00019	GO:0046651 - lymphocyte proliferation
GO:0032943	mononuclear cell proliferation	344	4	0.3	2e-04	GO:0032943 - mononuclear cell proliferation
GO:0071800	podosome assembly	25	2	0.02	0.00022	GO:0071800 - podosome assembly
GO:0070661	leukocyte proliferation	366	4	0.32	0.00025	GO:0070661 - leukocyte proliferation
GO:0032728	positive regulation of interferon-beta p...	31	2	0.03	0.00033	GO:0032728 - positive regulation of interferon-beta p...
GO:0002224	toll-like receptor signaling pathway	162	3	0.14	0.00036	GO:0002224 - toll-like receptor signaling pathway
GO:0051130	positive regulation of cellular componen...	1189	6	1.05	0.00037	GO:0051130 - positive regulation of cellular componen...
GO:0007159	leukocyte cell-cell adhesion	410	4	0.36	0.00038	GO:0007159 - leukocyte cell-cell adhesion
GO:0046649	lymphocyte activation	781	5	0.69	0.00044	GO:0046649 - lymphocyte activation
GO:0031349	positive regulation of defense response	431	4	0.38	0.00046	GO:0031349 - positive regulation of defense response
GO:0034142	toll-like receptor 4 signaling pathway	39	2	0.03	0.00053	GO:0034142 - toll-like receptor 4 signaling pathway
GO:0001959	regulation of cytokine-mediated signalin...	188	3	0.17	0.00056	GO:0001959 - regulation of cytokine-mediated signalin...
GO:0043123	positive regulation of I-kappaB kinase/N...	193	3	0.17	6e-04	GO:0043123 - positive regulation of I-kappaB kinase/N...
GO:0060759	regulation of response to cytokine stimu...	200	3	0.18	0.00067	GO:0060759 - regulation of response to cytokine stimu...
GO:0009966	regulation of signal transduction	3257	9	2.87	0.00072	GO:0009966 - regulation of signal transduction
GO:1902115	regulation of organelle assembly	207	3	0.18	0.00074	GO:1902115 - regulation of organelle assembly
GO:0032648	regulation of interferon-beta production	47	2	0.04	0.00077	GO:0032648 - regulation of interferon-beta production
GO:0032608	interferon-beta production	49	2	0.04	0.00084	GO:0032608 - interferon-beta production
GO:0003363	lamellipodium assembly involved in amebo...	1	1	0	0.00088	GO:0003363 - lamellipodium assembly involved in amebo...
GO:0032468	Golgi calcium ion homeostasis	1	1	0	0.00088	GO:0032468 - Golgi calcium ion homeostasis
GO:0071347	cellular response to interleukin-1	222	3	0.2	0.00091	GO:0071347 - cellular response to interleukin-1
GO:0061912	selective autophagy	51	2	0.04	0.00091	GO:0061912 - selective autophagy
GO:0071349	cellular response to interleukin-12	51	2	0.04	0.00091	GO:0071349 - cellular response to interleukin-12
GO:0007010	cytoskeleton organization	1416	6	1.25	0.00094	GO:0007010 - cytoskeleton organization
GO:0071674	mononuclear cell migration	226	3	0.2	0.00095	GO:0071674 - mononuclear cell migration
GO:0032655	regulation of interleukin-12 production	53	2	0.05	0.00098	GO:0032655 - regulation of interleukin-12 production
GO:0002221	pattern recognition receptor signaling p...	229	3	0.2	0.00099	GO:0002221 - pattern recognition receptor signaling p...
GO:0098609	cell-cell adhesion	941	5	0.83	0.00103	GO:0098609 - cell-cell adhesion
GO:0032615	interleukin-12 production	55	2	0.05	0.00105	GO:0032615 - interleukin-12 production
GO:0042110	T cell activation	544	4	0.48	0.00111	GO:0042110 - T cell activation
GO:0043122	regulation of I-kappaB kinase/NF-kappaB ...	242	3	0.21	0.00116	GO:0043122 - regulation of I-kappaB kinase/NF-kappaB ...
GO:0070555	response to interleukin-1	248	3	0.22	0.00125	GO:0070555 - response to interleukin-1
GO:0044087	regulation of cellular component biogene...	986	5	0.87	0.00127	GO:0044087 - regulation of cellular component biogene...
GO:0044089	positive regulation of cellular componen...	565	4	0.5	0.00128	GO:0044089 - positive regulation of cellular componen...
GO:0046847	filopodium assembly	62	2	0.05	0.00134	GO:0046847 - filopodium assembly
GO:0002253	activation of immune response	573	4	0.5	0.00134	GO:0002253 - activation of immune response
