drugbank_id	name	whichFDA
DB00180	Flunisolide	TRUE
DB00223	Diflorasone	TRUE
DB00240	Alclometasone	TRUE
DB00253	Medrysone	TRUE
DB00324	Fluorometholone	TRUE
DB00394	Beclomethasone dipropionate	TRUE
DB00443	Betamethasone	TRUE
DB00547	Desoximetasone	TRUE
DB00596	Ulobetasol	TRUE
DB00620	Triamcinolone	TRUE
DB00663	Flumethasone	TRUE
DB00769	Hydrocortamate	TRUE
DB00838	Clocortolone	TRUE
DB00846	Flurandrenolide	TRUE
DB00860	Prednisolone	TRUE
DB14596	Loteprednol etabonate	TRUE
DB00896	Rimexolone	TRUE
DB00959	Methylprednisolone	TRUE
DB01013	Clobetasol propionate	TRUE
DB01130	Prednicarbate	TRUE
DB01222	Budesonide	TRUE
DB01260	Desonide	TRUE
DB01380	Cortisone acetate	TRUE
DB01384	Paramethasone	FALSE
DB01410	Ciclesonide	TRUE
DB01678	RU84687	FALSE
DB01866	RU79256	FALSE
DB01893	N6-Benzyl Adenosine-5'-Diphosphate	FALSE
DB01908	RU85493	FALSE
DB01947	RU78262	FALSE
DB02336	RU83876	FALSE
DB02432	RU90395	FALSE
DB02762	RU79072	FALSE
DB02908	RU78783	FALSE
DB03078	PASBN	FALSE
DB03104	2-[4-[(Z)-2-Acetamido-3-oxo-3-[[(3S)-2-oxo-1-[(4-phenylphenyl)methyl]azepan-3-yl]amino]prop-1-enyl]-2-formylphenyl]acetic acid	FALSE
DB03114	PAS219	FALSE
DB03217	DPI59	FALSE
DB03268	RU82197	FALSE
DB03298	Phenylphosphate	FALSE
DB03306	RU78300	FALSE
DB03525	RU79073	FALSE
DB03591	RU82209	FALSE
DB03628	ISO24	FALSE
DB03712	RU85053	FALSE
DB03828	RU78299	FALSE
DB03902	Oxalic Acid	FALSE
DB04080	RU78191	FALSE
DB04436	3-Fluoro-L-tyrosine	FALSE
DB04495	RU81843	FALSE
DB04633	N-ethyl-N-[3-(propylamino)propyl]propane-1,3-diamine	FALSE
DB04739	4-[(4-METHYL-1-PIPERAZINYL)METHYL]-N-[3-[[4-(3-PYRIDINYL)-2-PYRIMIDINYL]AMINO]PHENYL]-BENZAMIDE	FALSE
DB05423	ORG-34517	FALSE
DB05476	WX-UK1	FALSE
DB05484	MDX-018	FALSE
DB06137	KX-01	FALSE
DB06781	Difluprednate	TRUE
DB06883	1-[1-(3-aminophenyl)-3-tert-butyl-1H-pyrazol-5-yl]-3-phenylurea	FALSE
DB07926	N-[3-(N'-HYDROXYCARBOXAMIDO)-2-(2-METHYLPROPYL)-PROPANOYL]-O-TYROSINE-N-METHYLAMIDE	FALSE
DB07966	[4-({4-[(5-cyclopropyl-1H-pyrazol-3-yl)amino]quinazolin-2-yl}amino)phenyl]acetonitrile	FALSE
DB08052	1-cyclopentyl-3-(1H-pyrrolo[2,3-b]pyridin-5-yl)-1H-pyrazolo[3,4-d]pyrimidin-4-amine	FALSE
DB08053	1-cyclobutyl-3-(3,4-dimethoxyphenyl)-1H-pyrazolo[3,4-d]pyrimidin-4-amine	FALSE
DB08054	1-(1-methylethyl)-3-quinolin-6-yl-1H-pyrazolo[3,4-d]pyrimidin-4-amine	FALSE
DB08192	2-(4-CARCOXY-5-ISOPROPYLTHIAZOLYL)BENZOPIPERIDINE	FALSE
DB08462	N-(4-PHENYLAMINO-QUINAZOLIN-6-YL)-ACRYLAMIDE	FALSE
DB08482	[[1-[N-HYDROXY-ACETAMIDYL]-3-METHYL-BUTYL]-CARBONYL-LEUCINYL]-ALANINE ETHYL ESTER	FALSE
DB08491	N-HYDROXY-2-[4-(4-PHENOXY-BENZENESULFONYL)-TETRAHYDRO-PYRAN-4-YL]-ACETAMIDE	FALSE
DB08564	(2E)-N-{4-[(3-bromophenyl)amino]quinazolin-6-yl}-4-(dimethylamino)but-2-enamide	FALSE
DB08906	Fluticasone furoate	TRUE
DB09030	Vorapaxar	TRUE
DB09343	Tipiracil	TRUE
DB13003	Cortivazol	FALSE
DB13158	Clobetasone	TRUE
