GO.ID	Term	Annotated	Significant	Expected	classicFisher	plot_id
GO:0071310	cellular response to organic substance	3002	38	12.13	6.5e-12	GO:0071310 - cellular response to organic substance
GO:0019221	cytokine-mediated signaling pathway	956	22	3.86	1.5e-11	GO:0019221 - cytokine-mediated signaling pathway
GO:0007166	cell surface receptor signaling pathway	3283	39	13.27	2.1e-11	GO:0007166 - cell surface receptor signaling pathway
GO:0034097	response to cytokine	1380	25	5.58	7.8e-11	GO:0034097 - response to cytokine
GO:0010033	response to organic substance	3624	40	14.65	9.8e-11	GO:0010033 - response to organic substance
GO:0042127	regulation of cell population proliferat...	1752	27	7.08	4.1e-10	GO:0042127 - regulation of cell population proliferat...
GO:0071345	cellular response to cytokine stimulus	1285	23	5.19	7.1e-10	GO:0071345 - cellular response to cytokine stimulus
GO:0070887	cellular response to chemical stimulus	3616	38	14.61	1.8e-09	GO:0070887 - cellular response to chemical stimulus
GO:0008283	cell population proliferation	2088	28	8.44	4.1e-09	GO:0008283 - cell population proliferation
GO:0042221	response to chemical	5163	45	20.86	8e-09	GO:0042221 - response to chemical
GO:0001775	cell activation	1599	24	6.46	9.1e-09	GO:0001775 - cell activation
GO:0007165	signal transduction	6751	51	27.28	4.2e-08	GO:0007165 - signal transduction
GO:0002376	immune system process	3506	35	14.17	4.9e-08	GO:0002376 - immune system process
GO:0048523	negative regulation of cellular process	5251	44	21.22	5.1e-08	GO:0048523 - negative regulation of cellular process
GO:0032268	regulation of cellular protein metabolic...	2534	29	10.24	7e-08	GO:0032268 - regulation of cellular protein metabolic...
GO:0001932	regulation of protein phosphorylation	1246	20	5.04	7.3e-08	GO:0001932 - regulation of protein phosphorylation
GO:0042325	regulation of phosphorylation	1410	21	5.7	1.1e-07	GO:0042325 - regulation of phosphorylation
GO:0031399	regulation of protein modification proce...	1694	23	6.85	1.3e-07	GO:0031399 - regulation of protein modification proce...
GO:0048519	negative regulation of biological proces...	5840	46	23.6	1.3e-07	GO:0048519 - negative regulation of biological proces...
GO:0007154	cell communication	7278	52	29.41	2e-07	GO:0007154 - cell communication
GO:0042981	regulation of apoptotic process	1615	22	6.53	2.5e-07	GO:0042981 - regulation of apoptotic process
GO:0051246	regulation of protein metabolic process	2701	29	10.92	2.8e-07	GO:0051246 - regulation of protein metabolic process
GO:0019220	regulation of phosphate metabolic proces...	1637	22	6.62	3.1e-07	GO:0019220 - regulation of phosphate metabolic proces...
GO:0065009	regulation of molecular function	3231	32	13.06	3.2e-07	GO:0065009 - regulation of molecular function
GO:0051174	regulation of phosphorus metabolic proce...	1639	22	6.62	3.2e-07	GO:0051174 - regulation of phosphorus metabolic proce...
GO:0006915	apoptotic process	2087	25	8.43	3.4e-07	GO:0006915 - apoptotic process
GO:0043067	regulation of programmed cell death	1650	22	6.67	3.6e-07	GO:0043067 - regulation of programmed cell death
GO:0048518	positive regulation of biological proces...	6497	48	26.26	4.2e-07	GO:0048518 - positive regulation of biological proces...
GO:0023052	signaling	7259	51	29.34	5.9e-07	GO:0023052 - signaling
GO:0045321	leukocyte activation	1423	20	5.75	6.2e-07	GO:0045321 - leukocyte activation
GO:0048585	negative regulation of response to stimu...	1737	22	7.02	8.7e-07	GO:0048585 - negative regulation of response to stimu...
GO:0010604	positive regulation of macromolecule met...	3560	33	14.39	9e-07	GO:0010604 - positive regulation of macromolecule met...
GO:0008285	negative regulation of cell population p...	734	14	2.97	1.3e-06	GO:0008285 - negative regulation of cell population p...
GO:0008219	cell death	2410	26	9.74	1.4e-06	GO:0008219 - cell death
GO:0012501	programmed cell death	2250	25	9.09	1.4e-06	GO:0012501 - programmed cell death
GO:0010941	regulation of cell death	1803	22	7.29	1.6e-06	GO:0010941 - regulation of cell death
GO:0048522	positive regulation of cellular process	5897	44	23.83	1.8e-06	GO:0048522 - positive regulation of cellular process
GO:0051716	cellular response to stimulus	8298	54	33.53	2.5e-06	GO:0051716 - cellular response to stimulus
GO:0006468	protein phosphorylation	1700	21	6.87	2.5e-06	GO:0006468 - protein phosphorylation
GO:0051173	positive regulation of nitrogen compound...	3171	30	12.81	2.5e-06	GO:0051173 - positive regulation of nitrogen compound...
GO:0031323	regulation of cellular metabolic process	6410	46	25.9	2.6e-06	GO:0031323 - regulation of cellular metabolic process
GO:0080090	regulation of primary metabolic process	6193	45	25.03	2.7e-06	GO:0080090 - regulation of primary metabolic process
GO:0051171	regulation of nitrogen compound metaboli...	6012	44	24.3	3.3e-06	GO:0051171 - regulation of nitrogen compound metaboli...
GO:0032269	negative regulation of cellular protein ...	1055	16	4.26	4e-06	GO:0032269 - negative regulation of cellular protein ...
GO:0009893	positive regulation of metabolic process	3830	33	15.48	4.8e-06	GO:0009893 - positive regulation of metabolic process
GO:0045859	regulation of protein kinase activity	836	14	3.38	5.7e-06	GO:0045859 - regulation of protein kinase activity
GO:0043066	negative regulation of apoptotic process	965	15	3.9	6.2e-06	GO:0043066 - negative regulation of apoptotic process
GO:0032101	regulation of response to external stimu...	1095	16	4.43	6.4e-06	GO:0032101 - regulation of response to external stimu...
GO:0006950	response to stress	4464	36	18.04	6.4e-06	GO:0006950 - response to stress
GO:0002252	immune effector process	1381	18	5.58	7.4e-06	GO:0002252 - immune effector process
