GO.ID	Term	Annotated	Significant	Expected	classicFisher	plot_id
GO:0005737	cytoplasm	12631	64	48.4	0.00013	GO:0005737 - cytoplasm
GO:0005615	extracellular space	3493	27	13.39	0.00015	GO:0005615 - extracellular space
GO:0005576	extracellular region	4617	32	17.69	0.00023	GO:0005576 - extracellular region
GO:0070062	extracellular exosome	2301	20	8.82	0.00033	GO:0070062 - extracellular exosome
GO:0031982	vesicle	4297	30	16.47	0.00036	GO:0031982 - vesicle
GO:1903561	extracellular vesicle	2325	20	8.91	0.00037	GO:1903561 - extracellular vesicle
GO:0043230	extracellular organelle	2330	20	8.93	0.00039	GO:0043230 - extracellular organelle
GO:0044754	autolysosome	9	2	0.03	0.00051	GO:0044754 - autolysosome
GO:0005773	vacuole	924	11	3.54	0.00077	GO:0005773 - vacuole
GO:0031410	cytoplasmic vesicle	2672	21	10.24	0.00087	GO:0031410 - cytoplasmic vesicle
GO:0097708	intracellular vesicle	2675	21	10.25	0.00088	GO:0097708 - intracellular vesicle
GO:0005622	intracellular anatomical structure	15889	72	60.89	0.00098	GO:0005622 - intracellular anatomical structure
GO:0000323	lytic vacuole	813	10	3.12	0.00106	GO:0000323 - lytic vacuole
GO:0005764	lysosome	813	10	3.12	0.00106	GO:0005764 - lysosome
GO:0001741	XY body	14	2	0.05	0.00128	GO:0001741 - XY body
GO:0005767	secondary lysosome	14	2	0.05	0.00128	GO:0005767 - secondary lysosome
GO:0012505	endomembrane system	5005	31	19.18	0.00223	GO:0012505 - endomembrane system
GO:0005829	cytosol	5466	33	20.95	0.00229	GO:0005829 - cytosol
GO:0099091	postsynaptic specialization, intracellul...	23	2	0.09	0.00348	GO:0099091 - postsynaptic specialization, intracellul...
GO:0098552	side of membrane	661	8	2.53	0.00378	GO:0098552 - side of membrane
GO:0005895	interleukin-5 receptor complex	1	1	0	0.00383	GO:0005895 - interleukin-5 receptor complex
GO:0071944	cell periphery	6684	37	25.61	0.00523	GO:0071944 - cell periphery
GO:0005770	late endosome	296	5	1.13	0.0056	GO:0005770 - late endosome
GO:0000803	sex chromosome	31	2	0.12	0.00627	GO:0000803 - sex chromosome
GO:0031091	platelet alpha granule	99	3	0.38	0.00652	GO:0031091 - platelet alpha granule
GO:0005776	autophagosome	101	3	0.39	0.00689	GO:0005776 - autophagosome
GO:0008043	intracellular ferritin complex	2	1	0.01	0.00765	GO:0008043 - intracellular ferritin complex
GO:0044753	amphisome	2	1	0.01	0.00765	GO:0044753 - amphisome
GO:0070288	ferritin complex	2	1	0.01	0.00765	GO:0070288 - ferritin complex
GO:0070557	PCNA-p21 complex	2	1	0.01	0.00765	GO:0070557 - PCNA-p21 complex
GO:0097058	CRLF-CLCF1 complex	2	1	0.01	0.00765	GO:0097058 - CRLF-CLCF1 complex
GO:0097059	CNTFR-CLCF1 complex	2	1	0.01	0.00765	GO:0097059 - CNTFR-CLCF1 complex
GO:1990184	amino acid transport complex	2	1	0.01	0.00765	GO:1990184 - amino acid transport complex
GO:0031965	nuclear membrane	327	5	1.25	0.00843	GO:0031965 - nuclear membrane
GO:0005768	endosome	1091	10	4.18	0.00864	GO:0005768 - endosome
GO:0031901	early endosome membrane	210	4	0.8	0.00867	GO:0031901 - early endosome membrane
GO:0030141	secretory granule	944	9	3.62	0.00994	GO:0030141 - secretory granule
GO:0055038	recycling endosome membrane	117	3	0.45	0.0103	GO:0055038 - recycling endosome membrane
GO:0033565	ESCRT-0 complex	3	1	0.01	0.01145	GO:0033565 - ESCRT-0 complex
GO:0042585	germinal vesicle	3	1	0.01	0.01145	GO:0042585 - germinal vesicle
GO:0070033	synaptobrevin 2-SNAP-25-syntaxin-1a-comp...	3	1	0.01	0.01145	GO:0070033 - synaptobrevin 2-SNAP-25-syntaxin-1a-comp...
GO:0072557	IPAF inflammasome complex	3	1	0.01	0.01145	GO:0072557 - IPAF inflammasome complex
GO:0042612	MHC class I protein complex	45	2	0.17	0.0129	GO:0042612 - MHC class I protein complex
GO:0001674	female germ cell nucleus	4	1	0.02	0.01524	GO:0001674 - female germ cell nucleus
GO:0070032	synaptobrevin 2-SNAP-25-syntaxin-1a-comp...	4	1	0.02	0.01524	GO:0070032 - synaptobrevin 2-SNAP-25-syntaxin-1a-comp...
GO:0070044	synaptobrevin 2-SNAP-25-syntaxin-1a comp...	4	1	0.02	0.01524	GO:0070044 - synaptobrevin 2-SNAP-25-syntaxin-1a comp...
GO:0097169	AIM2 inflammasome complex	4	1	0.02	0.01524	GO:0097169 - AIM2 inflammasome complex
GO:0098591	external side of apical plasma membrane	4	1	0.02	0.01524	GO:0098591 - external side of apical plasma membrane
GO:0098588	bounding membrane of organelle	2368	16	9.07	0.01652	GO:0098588 - bounding membrane of organelle
GO:0033503	HULC complex	5	1	0.02	0.01902	GO:0033503 - HULC complex
