GO.ID	Term	Annotated	Significant	Expected	classicFisher	plot_id
GO:0033865	nucleoside bisphosphate metabolic proces...	155	4	0.47	0.0013	GO:0033865 - nucleoside bisphosphate metabolic proces...
GO:0033875	ribonucleoside bisphosphate metabolic pr...	155	4	0.47	0.0013	GO:0033875 - ribonucleoside bisphosphate metabolic pr...
GO:0034032	purine nucleoside bisphosphate metabolic...	155	4	0.47	0.0013	GO:0034032 - purine nucleoside bisphosphate metabolic...
GO:0008057	eye pigment granule organization	1	1	0	0.0031	GO:0008057 - eye pigment granule organization
GO:0032658	regulation of interleukin-15 production	1	1	0	0.0031	GO:0032658 - regulation of interleukin-15 production
GO:0032738	positive regulation of interleukin-15 pr...	1	1	0	0.0031	GO:0032738 - positive regulation of interleukin-15 pr...
GO:0035664	TIRAP-dependent toll-like receptor signa...	1	1	0	0.0031	GO:0035664 - TIRAP-dependent toll-like receptor signa...
GO:0035665	TIRAP-dependent toll-like receptor 4 sig...	1	1	0	0.0031	GO:0035665 - TIRAP-dependent toll-like receptor 4 sig...
GO:0055113	epiboly involved in gastrulation with mo...	1	1	0	0.0031	GO:0055113 - epiboly involved in gastrulation with mo...
GO:1902631	negative regulation of membrane hyperpol...	1	1	0	0.0031	GO:1902631 - negative regulation of membrane hyperpol...
GO:0009435	NAD biosynthetic process	31	2	0.09	0.004	GO:0009435 - NAD biosynthetic process
GO:0035601	protein deacylation	107	3	0.33	0.0043	GO:0035601 - protein deacylation
GO:0019359	nicotinamide nucleotide biosynthetic pro...	34	2	0.1	0.0048	GO:0019359 - nicotinamide nucleotide biosynthetic pro...
GO:0019363	pyridine nucleotide biosynthetic process	34	2	0.1	0.0048	GO:0019363 - pyridine nucleotide biosynthetic process
GO:0019362	pyridine nucleotide metabolic process	36	2	0.11	0.0054	GO:0019362 - pyridine nucleotide metabolic process
GO:0046496	nicotinamide nucleotide metabolic proces...	36	2	0.11	0.0054	GO:0046496 - nicotinamide nucleotide metabolic proces...
GO:0098732	macromolecule deacylation	118	3	0.36	0.0056	GO:0098732 - macromolecule deacylation
GO:0072525	pyridine-containing compound biosyntheti...	37	2	0.11	0.0057	GO:0072525 - pyridine-containing compound biosyntheti...
GO:0032618	interleukin-15 production	2	1	0.01	0.0061	GO:0032618 - interleukin-15 production
GO:0072566	chemokine (C-X-C motif) ligand 1 product...	2	1	0.01	0.0061	GO:0072566 - chemokine (C-X-C motif) ligand 1 product...
GO:2000338	regulation of chemokine (C-X-C motif) li...	2	1	0.01	0.0061	GO:2000338 - regulation of chemokine (C-X-C motif) li...
GO:2000340	positive regulation of chemokine (C-X-C ...	2	1	0.01	0.0061	GO:2000340 - positive regulation of chemokine (C-X-C ...
GO:0009117	nucleotide metabolic process	556	6	1.7	0.0069	GO:0009117 - nucleotide metabolic process
GO:0072524	pyridine-containing compound metabolic p...	42	2	0.13	0.0073	GO:0072524 - pyridine-containing compound metabolic p...
GO:0006753	nucleoside phosphate metabolic process	564	6	1.72	0.0074	GO:0006753 - nucleoside phosphate metabolic process
GO:0032484	Ral protein signal transduction	3	1	0.01	0.0091	GO:0032484 - Ral protein signal transduction
GO:0032485	regulation of Ral protein signal transdu...	3	1	0.01	0.0091	GO:0032485 - regulation of Ral protein signal transdu...
GO:0048213	Golgi vesicle prefusion complex stabiliz...	3	1	0.01	0.0091	GO:0048213 - Golgi vesicle prefusion complex stabiliz...
GO:0097155	fasciculation of sensory neuron axon	3	1	0.01	0.0091	GO:0097155 - fasciculation of sensory neuron axon
GO:0101030	tRNA-guanine transglycosylation	3	1	0.01	0.0091	GO:0101030 - tRNA-guanine transglycosylation
GO:1902511	negative regulation of apoptotic DNA fra...	3	1	0.01	0.0091	GO:1902511 - negative regulation of apoptotic DNA fra...
GO:1902630	regulation of membrane hyperpolarization	3	1	0.01	0.0091	GO:1902630 - regulation of membrane hyperpolarization
GO:0009165	nucleotide biosynthetic process	286	4	0.87	0.0113	GO:0009165 - nucleotide biosynthetic process
GO:1901293	nucleoside phosphate biosynthetic proces...	291	4	0.89	0.012	GO:1901293 - nucleoside phosphate biosynthetic proces...
GO:0015988	energy coupled proton transmembrane tran...	4	1	0.01	0.0122	GO:0015988 - energy coupled proton transmembrane tran...
GO:0015990	electron transport coupled proton transp...	4	1	0.01	0.0122	GO:0015990 - electron transport coupled proton transp...
GO:0060971	embryonic heart tube left/right pattern ...	4	1	0.01	0.0122	GO:0060971 - embryonic heart tube left/right pattern ...
GO:0072757	cellular response to camptothecin	4	1	0.01	0.0122	GO:0072757 - cellular response to camptothecin
GO:1903625	negative regulation of DNA catabolic pro...	4	1	0.01	0.0122	GO:1903625 - negative regulation of DNA catabolic pro...
GO:1990414	replication-born double-strand break rep...	4	1	0.01	0.0122	GO:1990414 - replication-born double-strand break rep...
GO:1990966	ATP generation from poly-ADP-D-ribose	4	1	0.01	0.0122	GO:1990966 - ATP generation from poly-ADP-D-ribose
GO:0006383	transcription by RNA polymerase III	58	2	0.18	0.0136	GO:0006383 - transcription by RNA polymerase III
GO:0055086	nucleobase-containing small molecule met...	647	6	1.98	0.0139	GO:0055086 - nucleobase-containing small molecule met...
GO:1901563	response to camptothecin	5	1	0.02	0.0152	GO:1901563 - response to camptothecin
GO:0006120	mitochondrial electron transport, NADH t...	62	2	0.19	0.0154	GO:0006120 - mitochondrial electron transport, NADH t...
GO:0006842	tricarboxylic acid transport	6	1	0.02	0.0182	GO:0006842 - tricarboxylic acid transport
GO:0015746	citrate transport	6	1	0.02	0.0182	GO:0015746 - citrate transport
GO:0019441	tryptophan catabolic process to kynureni...	6	1	0.02	0.0182	GO:0019441 - tryptophan catabolic process to kynureni...
GO:0034137	positive regulation of toll-like recepto...	6	1	0.02	0.0182	GO:0034137 - positive regulation of toll-like recepto...
GO:0034316	negative regulation of Arp2/3 complex-me...	6	1	0.02	0.0182	GO:0034316 - negative regulation of Arp2/3 complex-me...
