GO.ID	Term	Annotated	Significant	Expected	classicFisher	plot_id
GO:0043231	intracellular membrane-bounded organelle	12041	49	36.8	0.00098	GO:0043231 - intracellular membrane-bounded organelle
GO:0031966	mitochondrial membrane	775	8	2.37	0.0024	GO:0031966 - mitochondrial membrane
GO:0043227	membrane-bounded organelle	13649	52	41.71	0.00314	GO:0043227 - membrane-bounded organelle
GO:0005740	mitochondrial envelope	818	8	2.5	0.00334	GO:0005740 - mitochondrial envelope
GO:0043229	intracellular organelle	13313	51	40.68	0.00351	GO:0043229 - intracellular organelle
GO:0005622	intracellular anatomical structure	15889	57	48.55	0.00514	GO:0005622 - intracellular anatomical structure
GO:0005739	mitochondrion	1748	12	5.34	0.00608	GO:0005739 - mitochondrion
GO:0043226	organelle	14883	54	45.48	0.00878	GO:0043226 - organelle
GO:0098842	postsynaptic early endosome	3	1	0.01	0.00914	GO:0098842 - postsynaptic early endosome
GO:0032588	trans-Golgi network membrane	143	3	0.44	0.00958	GO:0032588 - trans-Golgi network membrane
GO:0005634	nucleus	8050	34	24.6	0.01144	GO:0005634 - nucleus
GO:0031967	organelle envelope	1311	9	4.01	0.01761	GO:0031967 - organelle envelope
GO:0031975	envelope	1311	9	4.01	0.01761	GO:0031975 - envelope
GO:0005747	mitochondrial respiratory chain complex ...	67	2	0.2	0.01789	GO:0005747 - mitochondrial respiratory chain complex ...
GO:0030964	NADH dehydrogenase complex	67	2	0.2	0.01789	GO:0030964 - NADH dehydrogenase complex
GO:0045271	respiratory chain complex I	67	2	0.2	0.01789	GO:0045271 - respiratory chain complex I
GO:0043190	ATP-binding cassette (ABC) transporter c...	6	1	0.02	0.0182	GO:0043190 - ATP-binding cassette (ABC) transporter c...
GO:0005743	mitochondrial inner membrane	526	5	1.61	0.02219	GO:0005743 - mitochondrial inner membrane
GO:0099023	vesicle tethering complex	80	2	0.24	0.02493	GO:0099023 - vesicle tethering complex
GO:0070847	core mediator complex	11	1	0.03	0.03311	GO:0070847 - core mediator complex
GO:0072546	EMC complex	11	1	0.03	0.03311	GO:0072546 - EMC complex
GO:0019866	organelle inner membrane	595	5	1.82	0.03515	GO:0019866 - organelle inner membrane
GO:0005912	adherens junction	101	2	0.31	0.03825	GO:0005912 - adherens junction
GO:0098845	postsynaptic endosome	13	1	0.04	0.03902	GO:0098845 - postsynaptic endosome
GO:0098803	respiratory chain complex	103	2	0.31	0.03963	GO:0098803 - respiratory chain complex
GO:0005746	mitochondrial respirasome	105	2	0.32	0.04104	GO:0005746 - mitochondrial respirasome
GO:0017119	Golgi transport complex	16	1	0.05	0.04781	GO:0017119 - Golgi transport complex
GO:0031314	extrinsic component of mitochondrial inn...	16	1	0.05	0.04781	GO:0031314 - extrinsic component of mitochondrial inn...
GO:0070469	respirasome	118	2	0.36	0.0506	GO:0070469 - respirasome
GO:0098533	ATPase dependent transmembrane transport...	19	1	0.06	0.05652	GO:0098533 - ATPase dependent transmembrane transport...
GO:0005802	trans-Golgi network	287	3	0.88	0.05759	GO:0005802 - trans-Golgi network
GO:0000145	exocyst	20	1	0.06	0.0594	GO:0000145 - exocyst
GO:0005666	RNA polymerase III complex	20	1	0.06	0.0594	GO:0005666 - RNA polymerase III complex
GO:0005923	bicellular tight junction	132	2	0.4	0.06169	GO:0005923 - bicellular tight junction
GO:0098798	mitochondrial protein-containing complex	298	3	0.91	0.06301	GO:0098798 - mitochondrial protein-containing complex
GO:1990204	oxidoreductase complex	136	2	0.42	0.065	GO:1990204 - oxidoreductase complex
GO:0070160	tight junction	138	2	0.42	0.06668	GO:0070160 - tight junction
GO:0005759	mitochondrial matrix	501	4	1.53	0.06695	GO:0005759 - mitochondrial matrix
GO:0055029	nuclear DNA-directed RNA polymerase comp...	142	2	0.43	0.07008	GO:0055029 - nuclear DNA-directed RNA polymerase comp...
GO:0000428	DNA-directed RNA polymerase complex	143	2	0.44	0.07093	GO:0000428 - DNA-directed RNA polymerase complex
GO:0030880	RNA polymerase complex	147	2	0.45	0.0744	GO:0030880 - RNA polymerase complex
GO:0031090	organelle membrane	3925	17	11.99	0.0779	GO:0031090 - organelle membrane
GO:0005938	cell cortex	329	3	1.01	0.07952	GO:0005938 - cell cortex
GO:0043296	apical junction complex	153	2	0.47	0.0797	GO:0043296 - apical junction complex
GO:0005795	Golgi stack	156	2	0.48	0.08239	GO:0005795 - Golgi stack
GO:0098800	inner mitochondrial membrane protein com...	161	2	0.49	0.08695	GO:0098800 - inner mitochondrial membrane protein com...
GO:0000137	Golgi cis cisterna	31	1	0.09	0.09058	GO:0000137 - Golgi cis cisterna
GO:0001726	ruffle	183	2	0.56	0.10781	GO:0001726 - ruffle
GO:0001891	phagocytic cup	38	1	0.12	0.10989	GO:0001891 - phagocytic cup
GO:0016592	mediator complex	41	1	0.13	0.11804	GO:0016592 - mediator complex
